Time Bucket (America/New_York),Downstairs_1 (kWhs),Downstairs_2 (kWhs),Radon/Ejector Pump (kWhs),Kitchen Outlets 2 (kWhs),Laundry Outlets (kWhs),Girls/Mud/Library Outlet (kWhs),Utility Room Outlets (kWhs),Outside Outlets E/S/Stai (kWhs),Garage Outlets 1 (kWhs),Garage Outlets 2 (kWhs),Well (kWhs),Bath 1 Outlets (kWhs),Water Heater (kWhs),East Bonus Outlets (kWhs),Girls/Mud/Library Lights (kWhs),Ryan/Hall/Stair Outlets (kWhs),Ryan/Garage Lights (kWhs),Bonus/Kitchen/etc Lights (kWhs)
08/14/2021 16:00:00,1.0461,1.1756,0.0027,0.0046,0.0915,0.1445,0.0000,0.0000,0.0000,0.0779,0.0497,0.0005,1.6780,0.0000,0.0564,0.0000,0.0448,0.0677
08/14/2021 17:00:00,0.5662,0.5006,0.0000,0.1519,0.0912,0.0333,0.0000,0.0000,0.0000,0.0750,0.0226,0.0004,0.5323,0.0000,0.0375,0.0000,0.0223,0.0916
08/14/2021 18:00:00,0.5259,0.6030,0.0000,0.0117,0.0913,0.0337,0.0000,0.0000,0.0000,0.0743,0.0218,0.0000,0.6996,0.0000,0.0629,0.0000,0.0139,0.1114
08/14/2021 19:00:00,0.2050,0.2610,0.0005,0.0052,0.0866,0.0276,0.0000,0.0000,0.0000,0.0689,0.0043,0.0000,0.1176,0.0078,0.0491,0.0014,0.0150,0.0699
08/14/2021 20:00:00,0.3288,0.4302,0.0021,0.0035,0.0718,0.0083,0.0000,0.0000,0.0000,0.0535,0.0171,0.0000,0.4703,0.0313,0.0099,0.0056,0.0156,0.0632
08/14/2021 21:00:00,0.3680,0.5032,0.0000,0.0049,0.1027,0.0293,0.0000,0.0036,0.0000,0.0737,0.0225,0.0000,0.4603,0.0456,0.0048,0.0048,0.0346,0.0729
08/14/2021 22:00:00,0.7915,0.9328,0.0083,0.0001,0.1036,0.0813,0.0000,0.0000,0.0000,0.0232,0.1028,0.0051,1.3312,0.0000,0.0250,0.0095,0.0161,0.0030
08/14/2021 23:00:00,0.8497,0.9390,0.0000,0.0001,0.1038,0.0126,0.0000,0.0000,0.0000,0.0005,0.0000,0.0020,1.6313,0.0000,0.0107,0.0038,0.0136,0.0000
08/15/2021 00:00:00,0.0827,0.1255,0.0000,0.0001,0.1035,0.0128,0.0000,0.0000,0.0000,0.0555,0.0000,0.0000,0.0000,0.0000,0.0000,0.0014,0.0138,0.0000
08/15/2021 01:00:00,0.3979,0.4228,0.0000,0.0001,0.1039,0.0076,0.0000,0.0000,0.0000,0.0772,0.0000,0.0000,0.5999,0.0000,0.0000,0.0052,0.0138,0.0000
08/15/2021 02:00:00,0.0999,0.1219,0.0000,0.0001,0.1035,0.0069,0.0000,0.0000,0.0000,0.0755,0.0000,0.0000,0.0000,0.0000,0.0000,0.0027,0.0138,0.0000
08/15/2021 03:00:00,0.0991,0.1190,0.0000,0.0001,0.1031,0.0068,0.0000,0.0000,0.0000,0.0746,0.0000,0.0000,0.0000,0.0000,0.0000,0.0000,0.0138,0.0000
08/15/2021 04:00:00,0.0980,0.1181,0.0000,0.0001,0.1032,0.0068,0.0000,0.0000,0.0000,0.0738,0.0000,0.0000,0.0000,0.0000,0.0000,0.0000,0.0137,0.0000
08/15/2021 05:00:00,0.0977,0.1178,0.0000,0.0001,0.1028,0.0068,0.0000,0.0000,0.0000,0.0733,0.0000,0.0000,0.0000,0.0000,0.0000,0.0000,0.0137,0.0000
08/15/2021 06:00:00,0.0586,0.1281,0.0000,0.0001,0.1011,0.0069,0.0000,0.0000,0.0000,0.0033,0.0212,0.0000,0.0000,0.0000,0.0021,0.0000,0.0256,0.0000
08/15/2021 07:00:00,1.0586,1.0942,0.0000,0.0001,0.0917,0.0192,0.0000,0.0000,0.0000,0.0005,0.0863,0.0000,1.8633,0.0000,0.0677,0.0000,0.0135,0.0004
08/15/2021 08:00:00,1.7969,1.6364,0.0053,0.0047,0.0912,0.0100,0.0000,0.0000,0.0000,0.0751,0.0725,0.1113,2.8787,0.0000,0.0949,0.0000,0.0452,0.0497
08/15/2021 09:00:00,0.1949,0.1741,0.0000,0.0001,0.0896,0.0061,0.0000,0.0000,0.0000,0.0757,0.0000,0.0000,0.1413,0.0000,0.0244,0.0000,0.0148,0.0000
08/15/2021 10:00:00,0.0982,0.1034,0.0000,0.0001,0.0892,0.0061,0.0000,0.0000,0.0000,0.0744,0.0000,0.0000,0.0000,0.0000,0.0000,0.0000,0.0134,0.0000
08/15/2021 11:00:00,0.0975,0.1031,0.0000,0.0001,0.0891,0.0061,0.0000,0.0000,0.0000,0.0737,0.0000,0.0000,0.0000,0.0000,0.0000,0.0000,0.0134,0.0000
08/15/2021 12:00:00,0.4464,0.4141,0.0000,0.0117,0.0896,0.0137,0.0000,0.0000,0.0000,0.0730,0.0211,0.0088,0.5258,0.0000,0.0335,0.0000,0.0404,0.0301
08/15/2021 13:00:00,0.7113,0.6858,0.0000,0.1340,0.0911,0.0332,0.0000,0.0000,0.0000,0.0731,0.0000,0.0000,0.9572,0.0342,0.0090,0.0000,0.0155,0.0440
08/15/2021 14:00:00,0.5941,0.8433,0.0000,0.0196,0.0910,0.0336,0.0000,0.0000,0.0000,0.0189,0.0236,0.0000,0.9879,0.1511,0.0310,0.0000,0.0135,0.0569
08/15/2021 15:00:00,0.0781,0.1962,0.0028,0.0001,0.0905,0.0337,0.0000,0.0000,0.0000,0.0005,0.0259,0.0000,0.0000,0.0316,0.0331,0.0006,0.0178,0.0160
08/15/2021 16:00:00,0.3680,0.3282,0.0000,0.0459,0.0902,0.0335,0.0000,0.0000,0.0000,0.0549,0.0224,0.0000,0.3692,0.0011,0.0368,0.0000,0.0271,0.0003
08/15/2021 17:00:00,0.5909,0.6551,0.0000,0.0101,0.0899,0.0330,0.0000,0.0000,0.0000,0.0772,0.0458,0.0000,0.8520,0.0006,0.0290,0.0033,0.0226,0.0723
08/15/2021 18:00:00,0.2974,0.4081,0.0000,0.0001,0.0904,0.0335,0.0000,0.0000,0.0000,0.0755,0.0000,0.0000,0.3989,0.0000,0.0008,0.0000,0.0138,0.0792
08/15/2021 19:00:00,0.4343,0.6306,0.0000,0.0001,0.0907,0.0336,0.0000,0.0000,0.0000,0.0746,0.0436,0.0000,0.5954,0.0000,0.0073,0.0000,0.0266,0.1797
08/15/2021 20:00:00,0.3842,0.4969,0.0000,0.0001,0.0975,0.0361,0.0000,0.0000,0.0000,0.0740,0.0238,0.0000,0.4024,0.0000,0.0256,0.0000,0.0643,0.1438
08/15/2021 21:00:00,0.7905,0.9169,0.0056,0.0001,0.1023,0.0361,0.0000,0.0028,0.0000,0.0734,0.0513,0.0000,1.1685,0.0130,0.0406,0.0530,0.0615,0.0907
08/15/2021 22:00:00,0.3352,0.3301,0.0000,0.0001,0.1029,0.0091,0.0000,0.0000,0.0000,0.0732,0.0000,0.0000,0.4179,0.0000,0.0316,0.0026,0.0136,0.0000
08/15/2021 23:00:00,0.0770,0.1182,0.0000,0.0001,0.1028,0.0062,0.0000,0.0000,0.0000,0.0184,0.0000,0.0000,0.0000,0.0000,0.0318,0.0013,0.0136,0.0000
08/16/2021 00:00:00,0.0603,0.1183,0.0000,0.0001,0.1028,0.0062,0.0000,0.0000,0.0000,0.0006,0.0000,0.0000,0.0000,0.0000,0.0319,0.0010,0.0137,0.0000
08/16/2021 01:00:00,0.1142,0.1187,0.0000,0.0001,0.1028,0.0065,0.0000,0.0000,0.0000,0.0568,0.0000,0.0000,0.0000,0.0000,0.0320,0.0000,0.0137,0.0000
08/16/2021 02:00:00,0.1330,0.1186,0.0000,0.0001,0.1027,0.0064,0.0000,0.0000,0.0000,0.0771,0.0000,0.0000,0.0000,0.0000,0.0319,0.0000,0.0137,0.0000
08/16/2021 03:00:00,0.1314,0.1194,0.0000,0.0001,0.1035,0.0064,0.0000,0.0000,0.0000,0.0753,0.0000,0.0000,0.0000,0.0000,0.0320,0.0000,0.0137,0.0000
08/16/2021 04:00:00,0.1305,0.1185,0.0000,0.0001,0.1031,0.0063,0.0000,0.0000,0.0000,0.0745,0.0000,0.0000,0.0000,0.0000,0.0320,0.0000,0.0137,0.0000
08/16/2021 05:00:00,0.1557,0.1467,0.0000,0.0001,0.1025,0.0062,0.0000,0.0000,0.0000,0.0738,0.0529,0.0000,0.0000,0.0000,0.0318,0.0000,0.0136,0.0000
08/16/2021 06:00:00,0.1952,0.1700,0.0000,0.0001,0.1006,0.0103,0.0000,0.0000,0.0000,0.0732,0.0000,0.0000,0.1027,0.0000,0.0328,0.0000,0.0284,0.0000
08/16/2021 07:00:00,0.5269,0.4631,0.0029,0.0415,0.0908,0.0096,0.0000,0.0000,0.0000,0.0107,0.0524,0.0075,0.6234,0.0066,0.0821,0.0000,0.0401,0.0069
08/16/2021 08:00:00,1.9163,2.0220,0.0084,0.0248,0.0910,0.0380,0.0000,0.0000,0.0000,0.0003,0.0794,0.0038,3.5714,0.0072,0.0461,0.0000,0.0244,0.0489
08/16/2021 09:00:00,1.3516,1.1782,0.0000,0.0394,0.0909,0.0443,0.0007,0.0000,0.0001,0.3161,0.9902,0.0000,0.8196,0.0287,0.0698,0.0000,0.0211,0.0459
08/16/2021 10:00:00,1.5801,1.4917,0.0057,0.0284,0.0910,0.0440,0.0000,0.0000,0.0000,0.0755,0.1047,0.0901,2.4455,0.0330,0.0708,0.0000,0.0493,0.0368
08/16/2021 11:00:00,0.9920,0.9896,0.0000,0.0915,0.0911,0.0704,0.0000,0.0000,0.0000,0.0742,0.0236,0.0004,1.4594,0.0470,0.0606,0.0000,0.0246,0.0357
08/16/2021 12:00:00,0.3784,0.4509,0.0027,0.0001,0.0920,0.0407,0.0000,0.0000,0.0000,0.0735,0.0205,0.0000,0.4825,0.0306,0.0319,0.0000,0.0144,0.0279
08/16/2021 13:00:00,0.1625,0.1973,0.0000,0.0001,0.0921,0.0459,0.0000,0.0000,0.0000,0.0730,0.0000,0.0000,0.0000,0.0227,0.0654,0.0000,0.0145,0.0313
08/16/2021 14:00:00,0.1969,0.2541,0.0000,0.0001,0.0912,0.0832,0.0000,0.0000,0.0000,0.0726,0.0215,0.0000,0.0000,0.0222,0.0652,0.0000,0.0390,0.0404
08/16/2021 15:00:00,0.5508,0.7055,0.0000,0.0056,0.0923,0.1070,0.0000,0.0000,0.0000,0.0327,0.0243,0.0000,0.8129,0.0194,0.0755,0.0000,0.0135,0.0634
08/16/2021 16:00:00,1.7491,1.8031,0.0054,0.1040,0.0925,0.0432,0.0000,0.0000,0.0000,0.0001,0.1212,0.0000,3.0216,0.0119,0.0654,0.0000,0.0173,0.0725
08/16/2021 17:00:00,2.1806,2.0933,0.0083,0.0161,0.0922,0.0520,0.0000,0.0000,0.0000,0.0441,0.1127,0.0552,3.5927,0.0115,0.1056,0.0025,0.1187,0.0696
08/16/2021 18:00:00,0.8114,0.9381,0.0000,0.0051,0.0917,0.0354,0.0000,0.0000,0.0000,0.0765,0.0217,0.0000,1.3882,0.0158,0.0110,0.0000,0.0133,0.0867
08/16/2021 19:00:00,0.1057,0.2293,0.0000,0.0001,0.0921,0.0343,0.0000,0.0000,0.0000,0.0747,0.0000,0.0000,0.0000,0.0120,0.0016,0.0000,0.0193,0.0860
08/16/2021 20:00:00,0.4670,0.5190,0.0000,0.0631,0.1019,0.0572,0.0000,0.0000,0.0000,0.0738,0.0210,0.0000,0.5156,0.0198,0.0422,0.0048,0.0150,0.0616
08/16/2021 21:00:00,0.4098,0.5889,0.0000,0.0302,0.1046,0.1205,0.0000,0.0000,0.0000,0.0734,0.0220,0.0000,0.5011,0.0252,0.0245,0.0143,0.0141,0.0577
08/16/2021 22:00:00,0.3690,0.4361,0.0000,0.0001,0.1045,0.0950,0.0000,0.0029,0.0000,0.0730,0.0000,0.0052,0.4414,0.0056,0.0371,0.0014,0.0233,0.0034
08/16/2021 23:00:00,0.3264,0.3400,0.0029,0.0001,0.1043,0.0170,0.0000,0.0000,0.0000,0.0710,0.0219,0.0000,0.3813,0.0000,0.0319,0.0066,0.0139,0.0000
08/17/2021 00:00:00,0.0598,0.1244,0.0000,0.0001,0.1042,0.0107,0.0000,0.0000,0.0000,0.0002,0.0000,0.0000,0.0000,0.0000,0.0320,0.0003,0.0137,0.0000
08/17/2021 01:00:00,0.0597,0.1221,0.0000,0.0001,0.1040,0.0090,0.0000,0.0000,0.0000,0.0002,0.0000,0.0000,0.0000,0.0000,0.0319,0.0000,0.0137,0.0000
08/17/2021 02:00:00,0.1307,0.1215,0.0000,0.0001,0.1042,0.0091,0.0000,0.0000,0.0000,0.0733,0.0000,0.0000,0.0000,0.0000,0.0330,0.0000,0.0137,0.0000
08/17/2021 03:00:00,0.3095,0.3071,0.0000,0.0001,0.1046,0.0088,0.0000,0.0000,0.0000,0.0759,0.0000,0.0000,0.3589,0.0000,0.0322,0.0075,0.0137,0.0000
08/17/2021 04:00:00,0.1311,0.1235,0.0000,0.0001,0.1047,0.0089,0.0000,0.0000,0.0000,0.0746,0.0000,0.0000,0.0000,0.0000,0.0325,0.0020,0.0137,0.0000
08/17/2021 05:00:00,0.1296,0.1210,0.0000,0.0001,0.1044,0.0088,0.0000,0.0000,0.0000,0.0737,0.0000,0.0000,0.0000,0.0000,0.0320,0.0000,0.0137,0.0000
08/17/2021 06:00:00,0.1671,0.1341,0.0000,0.0001,0.1037,0.0101,0.0000,0.0000,0.0000,0.0730,0.0224,0.0000,0.0000,0.0000,0.0461,0.0000,0.0269,0.0000
08/17/2021 07:00:00,0.4279,0.3488,0.0000,0.0293,0.0936,0.0291,0.0000,0.0000,0.0000,0.0724,0.0000,0.0036,0.3662,0.0000,0.1021,0.0000,0.0312,0.0362
08/17/2021 08:00:00,0.7967,0.7906,0.0027,0.0667,0.0923,0.0486,0.0000,0.0000,0.0000,0.0053,0.0662,0.0032,1.0795,0.0175,0.1080,0.0000,0.0364,0.0488
08/17/2021 09:00:00,0.1556,0.1924,0.0000,0.0001,0.0923,0.0527,0.0000,0.0000,0.0000,0.0002,0.0000,0.0000,0.0000,0.0085,0.1077,0.0000,0.0353,0.0331
08/17/2021 10:00:00,1.3253,1.4363,0.0054,0.0587,0.0922,0.0496,0.0000,0.0000,0.0000,0.0661,0.0752,0.0000,2.1180,0.0251,0.0941,0.0000,0.0133,0.1628
08/17/2021 11:00:00,0.6540,0.6020,0.0000,0.0837,0.0918,0.0516,0.0000,0.0000,0.0000,0.0754,0.0427,0.0000,0.7206,0.0207,0.0607,0.0000,0.0492,0.0496
08/17/2021 12:00:00,1.2627,1.3558,0.0029,0.0651,0.0920,0.0389,0.0000,0.0000,0.0000,0.0737,0.0765,0.0000,2.1142,0.0000,0.0010,0.0000,0.0313,0.1208
08/17/2021 13:00:00,0.7794,0.8682,0.0052,0.0001,0.0924,0.0816,0.0000,0.0000,0.0000,0.0731,0.0501,0.0000,1.1854,0.0060,0.0708,0.0000,0.0155,0.0587
08/17/2021 14:00:00,0.4214,0.4973,0.0000,0.0001,0.0920,0.0745,0.0000,0.0000,0.0000,0.0725,0.0000,0.0000,0.5040,0.0119,0.0712,0.0000,0.0192,0.0627
08/17/2021 15:00:00,0.1991,0.2653,0.0000,0.0001,0.0921,0.1072,0.0000,0.0000,0.0000,0.0721,0.0235,0.0000,0.0000,0.0053,0.0738,0.0000,0.0324,0.0416
08/17/2021 16:00:00,0.4061,0.4742,0.0000,0.0001,0.0928,0.0437,0.0000,0.0000,0.0000,0.0717,0.0209,0.0000,0.4218,0.0125,0.0669,0.0041,0.0394,0.0946
08/17/2021 17:00:00,0.1556,0.2500,0.0000,0.0315,0.0926,0.0982,0.0000,0.0000,0.0000,0.0064,0.0454,0.0004,0.0000,0.0026,0.0673,0.0000,0.0152,0.0247
08/17/2021 18:00:00,0.3673,0.4704,0.0000,0.0708,0.0919,0.0396,0.0000,0.0000,0.0000,0.0001,0.0224,0.0000,0.4779,0.0000,0.0172,0.0000,0.0179,0.0821
08/17/2021 19:00:00,0.3694,0.4446,0.0000,0.0288,0.0927,0.0362,0.0000,0.0000,0.0000,0.0622,0.0256,0.0000,0.4216,0.0000,0.0101,0.0000,0.0359,0.0850
08/17/2021 20:00:00,0.5768,0.6305,0.0027,0.0001,0.1011,0.0363,0.0000,0.0000,0.0000,0.0760,0.0000,0.0000,0.9071,0.0000,0.0264,0.0004,0.0162,0.0324
08/17/2021 21:00:00,1.4020,1.4063,0.0111,0.0080,0.1036,0.0370,0.0000,0.0000,0.0000,0.0741,0.1550,0.0053,2.2000,0.0000,0.1207,0.0008,0.0227,0.0665
08/17/2021 22:00:00,1.0860,1.0713,0.0000,0.0001,0.1039,0.0137,0.0000,0.0000,0.0000,0.0735,0.0000,0.0000,1.8945,0.0000,0.0444,0.0044,0.0220,0.0000
08/17/2021 23:00:00,0.1396,0.1330,0.0000,0.0001,0.1040,0.0088,0.0000,0.0000,0.0000,0.0732,0.0214,0.0000,0.0000,0.0000,0.0319,0.0005,0.0137,0.0000
08/18/2021 00:00:00,0.4257,0.4277,0.0000,0.0001,0.1038,0.0087,0.0000,0.0000,0.0000,0.0726,0.0000,0.0000,0.6023,0.0000,0.0317,0.0082,0.0136,0.0000
08/18/2021 01:00:00,0.0957,0.1219,0.0000,0.0001,0.1039,0.0089,0.0000,0.0000,0.0000,0.0379,0.0000,0.0000,0.0000,0.0000,0.0321,0.0000,0.0137,0.0000
08/18/2021 02:00:00,0.0598,0.1205,0.0000,0.0001,0.1038,0.0089,0.0000,0.0000,0.0000,0.0002,0.0000,0.0000,0.0000,0.0000,0.0320,0.0000,0.0137,0.0000
08/18/2021 03:00:00,0.0801,0.1207,0.0000,0.0001,0.1040,0.0089,0.0000,0.0000,0.0000,0.0213,0.0000,0.0000,0.0000,0.0000,0.0321,0.0000,0.0137,0.0000
08/18/2021 04:00:00,0.1353,0.1209,0.0000,0.0001,0.1041,0.0089,0.0000,0.0000,0.0000,0.0794,0.0000,0.0000,0.0000,0.0000,0.0321,0.0000,0.0137,0.0000
08/18/2021 05:00:00,0.1552,0.1453,0.0000,0.0001,0.1040,0.0088,0.0000,0.0000,0.0000,0.0753,0.0000,0.0000,0.0488,0.0000,0.0320,0.0000,0.0137,0.0000
08/18/2021 06:00:00,0.3418,0.3215,0.0000,0.0001,0.1024,0.0086,0.0000,0.0000,0.0000,0.0741,0.0229,0.0000,0.3800,0.0000,0.0324,0.0000,0.0262,0.0005
08/18/2021 07:00:00,0.2882,0.2241,0.0027,0.0001,0.0924,0.0096,0.0000,0.0000,0.0000,0.0729,0.0000,0.0067,0.1575,0.0058,0.0893,0.0000,0.0325,0.0282
08/18/2021 08:00:00,1.7288,1.7407,0.0028,0.0162,0.0924,0.0422,0.0000,0.0000,0.0000,0.0723,0.1151,0.0043,2.8779,0.0187,0.1208,0.0000,0.0281,0.0813
08/18/2021 09:00:00,1.5274,1.5336,0.0056,0.0543,0.0915,0.0587,0.0000,0.0000,0.0000,0.0053,0.0627,0.0000,2.5565,0.0425,0.1448,0.0000,0.0162,0.0222
08/18/2021 10:00:00,1.5575,1.5397,0.0081,0.0511,0.0918,0.0456,0.0000,0.0000,0.0000,0.0001,0.0792,0.0665,2.6196,0.0066,0.0789,0.0000,0.0133,0.0342
08/18/2021 11:00:00,0.4552,0.4883,0.0000,0.0124,0.0917,0.0440,0.0000,0.0000,0.0000,0.0755,0.0000,0.0000,0.5621,0.0117,0.0623,0.0000,0.0178,0.0558
08/18/2021 12:00:00,0.4980,0.5464,0.0000,0.0829,0.0905,0.0425,0.0000,0.0000,0.0000,0.0751,0.0208,0.0000,0.6224,0.0081,0.0000,0.0000,0.0133,0.0781
08/18/2021 13:00:00,0.4690,0.5015,0.0000,0.0000,0.0899,0.0543,0.0000,0.0000,0.0000,0.0738,0.0224,0.0001,0.6015,0.0111,0.0598,0.0000,0.0175,0.0291
08/18/2021 14:00:00,0.2690,0.3287,0.0002,0.0001,0.0901,0.0654,0.0000,0.0000,0.0000,0.0736,0.0525,0.0000,0.1882,0.0102,0.0533,0.0000,0.0134,0.0344
08/18/2021 15:00:00,0.8413,0.8493,0.0025,0.0099,0.0900,0.0483,0.0000,0.0000,0.0000,0.0729,0.0205,0.0750,1.2630,0.0066,0.0279,0.0000,0.0137,0.0558
08/18/2021 16:00:00,0.2438,0.3048,0.0000,0.0059,0.0900,0.0476,0.0000,0.0000,0.0000,0.0727,0.0216,0.0000,0.2224,0.0130,0.0190,0.0000,0.0177,0.0258
08/18/2021 17:00:00,1.6136,1.4723,0.0056,0.1287,0.0908,0.0508,0.0000,0.0000,0.0000,0.0723,0.1201,0.0057,2.4020,0.0000,0.0596,0.0004,0.0929,0.0558
08/18/2021 18:00:00,0.4882,0.5155,0.0000,0.0000,0.0913,0.0487,0.0000,0.0000,0.0000,0.0708,0.0000,0.0021,0.6832,0.0000,0.0511,0.0000,0.0165,0.0288
08/18/2021 19:00:00,0.0579,0.1541,0.0000,0.0001,0.0906,0.0567,0.0000,0.0000,0.0000,0.0001,0.0000,0.0000,0.0000,0.0000,0.0307,0.0000,0.0134,0.0000
08/18/2021 20:00:00,0.0792,0.2026,0.0000,0.0001,0.0984,0.0793,0.0000,0.0001,0.0000,0.0001,0.0208,0.0000,0.0000,0.0000,0.0380,0.0043,0.0171,0.0022
08/18/2021 21:00:00,0.5594,0.6360,0.0029,0.0029,0.1021,0.0588,0.0000,0.0061,0.0000,0.0614,0.0215,0.0043,0.7703,0.0086,0.0434,0.0025,0.0409,0.0595
08/18/2021 22:00:00,0.4266,0.4492,0.0000,0.0008,0.1026,0.0087,0.0000,0.0000,0.0000,0.0766,0.0222,0.0022,0.5382,0.0000,0.0368,0.0113,0.0235,0.0394
08/18/2021 23:00:00,0.3663,0.3608,0.0000,0.0001,0.1025,0.0088,0.0000,0.0000,0.0000,0.0748,0.0000,0.0000,0.4791,0.0000,0.0311,0.0028,0.0134,0.0000
08/19/2021 00:00:00,0.3349,0.3277,0.0000,0.0001,0.1033,0.0088,0.0000,0.0000,0.0000,0.0743,0.0000,0.0000,0.4149,0.0000,0.0317,0.0000,0.0136,0.0000
08/19/2021 01:00:00,0.1436,0.1357,0.0000,0.0001,0.1034,0.0089,0.0000,0.0000,0.0000,0.0737,0.0258,0.0000,0.0000,0.0000,0.0331,0.0000,0.0137,0.0000
08/19/2021 02:00:00,0.1296,0.1207,0.0000,0.0001,0.1037,0.0090,0.0000,0.0000,0.0000,0.0733,0.0000,0.0000,0.0000,0.0000,0.0321,0.0000,0.0137,0.0000
08/19/2021 03:00:00,0.1292,0.1206,0.0000,0.0001,0.1036,0.0090,0.0000,0.0000,0.0000,0.0729,0.0000,0.0000,0.0000,0.0000,0.0322,0.0000,0.0137,0.0000
08/19/2021 04:00:00,0.0936,0.1207,0.0000,0.0001,0.1038,0.0090,0.0000,0.0000,0.0000,0.0352,0.0000,0.0000,0.0000,0.0000,0.0322,0.0000,0.0138,0.0000
08/19/2021 05:00:00,0.0604,0.1234,0.0030,0.0001,0.1036,0.0089,0.0000,0.0000,0.0000,0.0002,0.0000,0.0000,0.0000,0.0000,0.0325,0.0000,0.0137,0.0000
08/19/2021 06:00:00,0.1054,0.1187,0.0000,0.0001,0.1014,0.0088,0.0000,0.0000,0.0000,0.0331,0.0000,0.0000,0.0000,0.0000,0.0325,0.0000,0.0275,0.0006
08/19/2021 07:00:00,0.7639,0.6918,0.0000,0.0147,0.0913,0.0171,0.0000,0.0000,0.0000,0.0770,0.0495,0.0004,1.0716,0.0000,0.0908,0.0044,0.0178,0.0107
08/19/2021 08:00:00,0.4859,0.4481,0.0000,0.0727,0.0911,0.0263,0.0000,0.0000,0.0000,0.0743,0.0213,0.0074,0.4649,0.0203,0.0550,0.0013,0.0290,0.0592
08/19/2021 09:00:00,0.6977,0.7058,0.0026,0.0000,0.0911,0.0405,0.0000,0.0000,0.0000,0.0732,0.0270,0.0007,1.0653,0.0138,0.0463,0.0000,0.0279,0.0073
08/19/2021 10:00:00,0.1134,0.1468,0.0000,0.0001,0.0912,0.0362,0.0000,0.0000,0.0000,0.0728,0.0000,0.0000,0.0000,0.0142,0.0168,0.0000,0.0135,0.0000
08/19/2021 11:00:00,0.1289,0.1625,0.0000,0.0001,0.0908,0.0358,0.0000,0.0000,0.0000,0.0724,0.0212,0.0000,0.0000,0.0135,0.0170,0.0000,0.0188,0.0053
08/19/2021 12:00:00,0.4471,0.4491,0.0000,0.1307,0.0916,0.0378,0.0000,0.0000,0.0000,0.0725,0.0000,0.0000,0.4274,0.0146,0.0093,0.0000,0.0150,0.0869
08/19/2021 13:00:00,0.3168,0.6039,0.0000,0.0001,0.0920,0.1325,0.0000,0.0000,0.0000,0.0050,0.0234,0.0000,0.5271,0.0293,0.0056,0.0000,0.0168,0.0697
08/19/2021 14:00:00,1.4015,1.5605,0.0057,0.0000,0.0924,0.1470,0.0000,0.0000,0.0000,0.0001,0.0797,0.0820,2.4712,0.0153,0.0269,0.0000,0.0175,0.0205
08/19/2021 15:00:00,0.1252,0.2814,0.0000,0.0001,0.0925,0.0445,0.0000,0.0000,0.0000,0.0706,0.0239,0.0000,0.0201,0.0123,0.0040,0.0000,0.0175,0.1037
08/19/2021 16:00:00,1.2111,1.1222,0.0057,0.0001,0.0920,0.0637,0.0000,0.0000,0.0000,0.0759,0.0490,0.1186,1.7451,0.0168,0.0933,0.0000,0.0283,0.0427
08/19/2021 17:00:00,0.1465,0.1491,0.0000,0.0001,0.0913,0.0182,0.0000,0.0000,0.0000,0.0746,0.0000,0.0005,0.0000,0.0250,0.0414,0.0000,0.0202,0.0086
08/19/2021 18:00:00,0.4272,0.4199,0.0000,0.0284,0.0911,0.0133,0.0000,0.0000,0.0000,0.0738,0.0207,0.0000,0.5185,0.0140,0.0289,0.0000,0.0201,0.0259
08/19/2021 19:00:00,0.1025,0.4040,0.0000,0.0001,0.0911,0.1865,0.0000,0.0000,0.0000,0.0734,0.0000,0.0000,0.0000,0.0295,0.0028,0.0000,0.0161,0.0918
08/19/2021 20:00:00,0.1184,0.3879,0.0000,0.0001,0.0992,0.1837,0.0000,0.0000,0.0000,0.0729,0.0000,0.0000,0.0000,0.0288,0.0009,0.0000,0.0344,0.0710
08/19/2021 21:00:00,0.4194,0.6296,0.0000,0.0289,0.1036,0.1673,0.0000,0.0000,0.0000,0.0724,0.0217,0.0029,0.4395,0.0211,0.0405,0.0605,0.0378,0.0410
08/19/2021 22:00:00,0.1007,0.2303,0.0028,0.0001,0.1038,0.1047,0.0000,0.0000,0.0000,0.0288,0.0000,0.0138,0.0000,0.0117,0.0330,0.0016,0.0135,0.0000
08/19/2021 23:00:00,0.0593,0.1362,0.0000,0.0001,0.1037,0.0091,0.0000,0.0000,0.0000,0.0002,0.0000,0.0000,0.0000,0.0128,0.0317,0.0036,0.0136,0.0000
08/20/2021 00:00:00,0.0985,0.1335,0.0000,0.0001,0.1039,0.0092,0.0000,0.0000,0.0000,0.0409,0.0000,0.0000,0.0000,0.0128,0.0319,0.0000,0.0137,0.0000
08/20/2021 01:00:00,0.1330,0.1318,0.0000,0.0001,0.1038,0.0092,0.0000,0.0000,0.0000,0.0774,0.0000,0.0000,0.0000,0.0112,0.0318,0.0000,0.0136,0.0000
08/20/2021 02:00:00,0.1290,0.1314,0.0000,0.0001,0.1027,0.0092,0.0000,0.0000,0.0000,0.0740,0.0000,0.0000,0.0000,0.0120,0.0315,0.0000,0.0135,0.0000
08/20/2021 03:00:00,0.3335,0.3360,0.0000,0.0001,0.1044,0.0092,0.0000,0.0000,0.0000,0.0742,0.0000,0.0000,0.4118,0.0112,0.0320,0.0000,0.0136,0.0000
08/20/2021 04:00:00,0.1298,0.1317,0.0000,0.0001,0.1043,0.0093,0.0000,0.0000,0.0000,0.0734,0.0000,0.0000,0.0000,0.0115,0.0321,0.0000,0.0137,0.0000
08/20/2021 05:00:00,0.1290,0.1307,0.0000,0.0001,0.1040,0.0092,0.0000,0.0000,0.0000,0.0734,0.0000,0.0000,0.0000,0.0115,0.0321,0.0000,0.0137,0.0000
08/20/2021 06:00:00,0.1680,0.1447,0.0000,0.0001,0.1017,0.0113,0.0000,0.0052,0.0000,0.0675,0.0213,0.0000,0.0000,0.0115,0.0443,0.0000,0.0307,0.0019
08/20/2021 07:00:00,0.0967,0.1381,0.0000,0.0001,0.0918,0.0156,0.0000,0.0000,0.0000,0.0001,0.0000,0.0000,0.0000,0.0112,0.0694,0.0001,0.0139,0.0133
08/20/2021 08:00:00,1.7899,1.8550,0.0055,0.0000,0.0919,0.0105,0.0000,0.0000,0.0000,0.0001,0.1340,0.0046,3.2626,0.0218,0.0675,0.0007,0.0269,0.0200
08/20/2021 09:00:00,1.0400,0.9580,0.0027,0.0646,0.0917,0.0182,0.0000,0.0000,0.0000,0.0780,0.0514,0.0017,1.4677,0.0465,0.0924,0.0000,0.0444,0.0334
08/20/2021 10:00:00,0.6561,0.7722,0.0000,0.0404,0.0911,0.0356,0.0000,0.0000,0.0000,0.0750,0.0236,0.0000,0.8159,0.0471,0.0612,0.1009,0.0575,0.0732
08/20/2021 11:00:00,0.5732,0.5323,0.0000,0.1378,0.0907,0.0395,0.0000,0.0000,0.0000,0.0737,0.0481,0.0000,0.4846,0.0232,0.0778,0.0436,0.0147,0.0618
08/20/2021 12:00:00,0.6085,0.6539,0.0000,0.0385,0.0909,0.0409,0.0000,0.0000,0.0000,0.0730,0.0213,0.0000,0.8736,0.0353,0.0301,0.0003,0.0154,0.0344
08/20/2021 13:00:00,1.0051,1.0177,0.0027,0.0000,0.0915,0.0408,0.0000,0.0000,0.0000,0.0728,0.0502,0.0000,1.5995,0.0154,0.0893,0.0000,0.0185,0.0369
08/20/2021 14:00:00,0.6053,0.4729,0.0000,0.0194,0.0915,0.0402,0.0000,0.0000,0.0000,0.0726,0.0216,0.0560,0.5685,0.0247,0.1440,0.0000,0.0148,0.0143
08/20/2021 15:00:00,0.2187,0.2132,0.0000,0.0014,0.0927,0.0360,0.0000,0.0000,0.0000,0.0726,0.0000,0.0000,0.0000,0.0235,0.1230,0.0000,0.0136,0.0558
08/20/2021 16:00:00,0.3978,0.4255,0.0027,0.0001,0.0926,0.0490,0.0000,0.0000,0.0000,0.0394,0.0227,0.0000,0.4185,0.0214,0.1127,0.0000,0.0171,0.0335
08/20/2021 17:00:00,1.3430,1.2436,0.0081,0.1658,0.0918,0.0546,0.0000,0.0000,0.0000,0.0001,0.1172,0.0046,1.9349,0.0174,0.1134,0.0000,0.0354,0.0372
08/20/2021 18:00:00,0.9449,1.0790,0.0000,0.0136,0.0920,0.0387,0.0000,0.0000,0.0000,0.0334,0.0000,0.0000,1.6774,0.0242,0.0471,0.0000,0.0134,0.0838
08/20/2021 19:00:00,0.4870,0.5944,0.0000,0.0137,0.0922,0.0367,0.0000,0.0000,0.0000,0.0780,0.0227,0.0000,0.7139,0.0151,0.0109,0.0000,0.0135,0.0772
08/20/2021 20:00:00,0.6926,0.7980,0.0000,0.0068,0.0995,0.0508,0.0000,0.0000,0.0000,0.0747,0.0236,0.0000,1.0562,0.0195,0.0441,0.0000,0.0258,0.0842
08/20/2021 21:00:00,0.4231,0.5514,0.0000,0.0217,0.1027,0.0844,0.0000,0.0000,0.0000,0.0737,0.0000,0.0000,0.4882,0.0229,0.0654,0.0000,0.0134,0.0934
08/20/2021 22:00:00,0.3748,0.5159,0.0000,0.0072,0.1027,0.1521,0.0000,0.0000,0.0000,0.0734,0.0221,0.0072,0.4036,0.0044,0.0485,0.0068,0.0210,0.0306
08/20/2021 23:00:00,0.1383,0.1924,0.0028,0.0001,0.1030,0.0742,0.0000,0.0000,0.0000,0.0731,0.0000,0.0054,0.0000,0.0000,0.0366,0.0033,0.0136,0.0000
08/21/2021 00:00:00,0.1286,0.1215,0.0000,0.0001,0.1034,0.0094,0.0000,0.0000,0.0000,0.0728,0.0000,0.0000,0.0000,0.0000,0.0319,0.0004,0.0137,0.0000
08/21/2021 01:00:00,0.1284,0.1212,0.0000,0.0001,0.1035,0.0091,0.0000,0.0000,0.0000,0.0724,0.0000,0.0000,0.0000,0.0000,0.0320,0.0000,0.0137,0.0000
08/21/2021 02:00:00,0.0949,0.1344,0.0000,0.0001,0.1035,0.0091,0.0000,0.0000,0.0000,0.0255,0.0224,0.0000,0.0000,0.0000,0.0320,0.0000,0.0137,0.0000
08/21/2021 03:00:00,0.2286,0.2919,0.0000,0.0001,0.1037,0.0091,0.0000,0.0000,0.0000,0.0002,0.0000,0.0000,0.3419,0.0000,0.0321,0.0000,0.0137,0.0000
08/21/2021 04:00:00,0.1014,0.1217,0.0000,0.0001,0.1038,0.0091,0.0000,0.0000,0.0000,0.0435,0.0000,0.0000,0.0000,0.0000,0.0321,0.0000,0.0137,0.0000
08/21/2021 05:00:00,0.1333,0.1209,0.0000,0.0001,0.1040,0.0091,0.0000,0.0000,0.0000,0.0770,0.0000,0.0000,0.0000,0.0000,0.0323,0.0000,0.0137,0.0000
08/21/2021 06:00:00,0.1454,0.1201,0.0000,0.0001,0.1029,0.0092,0.0000,0.0000,0.0000,0.0746,0.0000,0.0000,0.0000,0.0000,0.0329,0.0000,0.0277,0.0000
08/21/2021 07:00:00,0.1960,0.1159,0.0000,0.0001,0.0926,0.0153,0.0000,0.0000,0.0000,0.0734,0.0000,0.0000,0.0000,0.0000,0.0972,0.0000,0.0161,0.0001
08/21/2021 08:00:00,2.1076,2.1168,0.0087,0.0136,0.0928,0.0081,0.0004,0.0000,0.0000,0.0723,0.5067,0.0000,3.3019,0.0249,0.0914,0.0000,0.0369,0.0484
08/21/2021 09:00:00,1.3000,1.3105,0.0055,0.0053,0.0916,0.0118,0.0000,0.0000,0.0000,0.0717,0.0743,0.0015,2.2056,0.0342,0.0680,0.0000,0.0188,0.0223
08/21/2021 10:00:00,0.7133,0.8081,0.0026,0.0056,0.0909,0.1414,0.0000,0.0000,0.0000,0.0292,0.0213,0.0000,1.0108,0.0220,0.1437,0.0000,0.0156,0.0308
08/21/2021 11:00:00,0.1451,0.2885,0.0000,0.0000,0.0907,0.1295,0.0000,0.0000,0.0000,0.0001,0.0456,0.0000,0.0000,0.0348,0.0963,0.0000,0.0134,0.0030
08/21/2021 12:00:00,0.4438,0.4921,0.0000,0.0866,0.0903,0.0788,0.0000,0.0000,0.0000,0.0432,0.0000,0.0000,0.4902,0.0227,0.0318,0.0000,0.0299,0.0511
08/21/2021 13:00:00,0.5177,0.6506,0.0028,0.0001,0.0911,0.0576,0.0000,0.0000,0.0000,0.0768,0.0489,0.0015,0.7726,0.0121,0.0101,0.0000,0.0134,0.0703
08/21/2021 14:00:00,1.3371,1.3024,0.0027,0.0000,0.0917,0.0714,0.0000,0.0000,0.0000,0.0747,0.0492,0.1096,2.0534,0.0115,0.0816,0.0000,0.0232,0.0702
08/21/2021 15:00:00,1.2770,1.3398,0.0053,0.0000,0.0915,0.1594,0.0000,0.0000,0.0000,0.0739,0.1089,0.1205,1.8958,0.0111,0.0535,0.0000,0.0296,0.0630
08/21/2021 16:00:00,1.0907,1.2622,0.0027,0.0026,0.0915,0.1475,0.0000,0.0000,0.0000,0.0734,0.0775,0.0021,1.8860,0.0112,0.0125,0.0000,0.0207,0.0221
08/21/2021 17:00:00,1.7198,1.7822,0.0056,0.0358,0.0918,0.0570,0.0000,0.0000,0.0000,0.0726,0.0509,0.0018,2.9820,0.0109,0.0797,0.0000,0.0245,0.0987
08/21/2021 18:00:00,0.7638,1.1495,0.0000,0.0000,0.0913,0.0572,0.0000,0.0000,0.0000,0.0725,0.0219,0.0000,1.3246,0.2509,0.0006,0.0000,0.0153,0.0735
08/21/2021 19:00:00,0.7296,0.9305,0.0000,0.0001,0.0925,0.1953,0.0000,0.0000,0.0000,0.0726,0.0432,0.0000,1.1542,0.0122,0.0219,0.0005,0.0334,0.0266
08/21/2021 20:00:00,0.6699,0.8029,0.0000,0.0222,0.0997,0.0735,0.0000,0.0000,0.0000,0.0430,0.0253,0.0000,1.0467,0.0116,0.0269,0.0061,0.0375,0.0720
08/21/2021 21:00:00,0.0832,0.3484,0.0000,0.0001,0.1025,0.1893,0.0000,0.0000,0.0000,0.0002,0.0000,0.0000,0.0000,0.0122,0.0310,0.0000,0.0385,0.0405
08/21/2021 22:00:00,0.3437,0.5310,0.0030,0.0001,0.1029,0.1341,0.0000,0.0000,0.0000,0.0223,0.0518,0.0019,0.3763,0.0080,0.0549,0.0259,0.0405,0.0357
08/21/2021 23:00:00,0.9956,0.9524,0.0028,0.0001,0.1031,0.0230,0.0000,0.0000,0.0000,0.0784,0.0457,0.0012,1.5735,0.0000,0.0412,0.0072,0.0651,0.0000
08/22/2021 00:00:00,0.3970,0.3679,0.0000,0.0001,0.1032,0.0153,0.0000,0.0000,0.0000,0.0748,0.0000,0.0000,0.4845,0.0000,0.0317,0.0000,0.0413,0.0000
08/22/2021 01:00:00,0.1605,0.1250,0.0000,0.0001,0.1033,0.0137,0.0000,0.0000,0.0000,0.0739,0.0000,0.0000,0.0000,0.0000,0.0353,0.0000,0.0415,0.0000
08/22/2021 02:00:00,0.1559,0.1243,0.0000,0.0001,0.1028,0.0136,0.0000,0.0000,0.0000,0.0732,0.0000,0.0000,0.0000,0.0000,0.0317,0.0000,0.0413,0.0000
08/22/2021 03:00:00,0.1561,0.1250,0.0000,0.0001,0.1033,0.0136,0.0000,0.0000,0.0000,0.0727,0.0000,0.0000,0.0000,0.0000,0.0319,0.0000,0.0415,0.0000
08/22/2021 04:00:00,0.1459,0.1251,0.0000,0.0001,0.1035,0.0136,0.0000,0.0000,0.0000,0.0619,0.0000,0.0000,0.0000,0.0000,0.0320,0.0000,0.0416,0.0000
08/22/2021 05:00:00,0.2950,0.3342,0.0000,0.0001,0.1035,0.0135,0.0000,0.0000,0.0000,0.0002,0.0000,0.0000,0.4209,0.0000,0.0319,0.0000,0.0415,0.0000
08/22/2021 06:00:00,0.1025,0.1246,0.0000,0.0001,0.1030,0.0136,0.0000,0.0000,0.0000,0.0025,0.0000,0.0000,0.0000,0.0000,0.0320,0.0000,0.0549,0.0000
08/22/2021 07:00:00,1.0237,0.9055,0.0057,0.0001,0.0924,0.0134,0.0000,0.0000,0.0000,0.0818,0.0779,0.0000,1.4854,0.0000,0.0791,0.0010,0.0812,0.0032
08/22/2021 08:00:00,1.5507,1.3559,0.0000,0.0419,0.0920,0.0393,0.0000,0.0000,0.0000,0.0747,0.0515,0.1084,2.3448,0.0000,0.0885,0.0000,0.0473,0.0228
08/22/2021 09:00:00,0.1563,0.1396,0.0000,0.0001,0.0913,0.0412,0.0000,0.0000,0.0000,0.0735,0.0000,0.0026,0.0000,0.0000,0.0241,0.0000,0.0465,0.0001
08/22/2021 10:00:00,0.0965,0.1387,0.0000,0.0001,0.0909,0.0408,0.0000,0.0000,0.0000,0.0728,0.0000,0.0000,0.0000,0.0000,0.0000,0.0000,0.0134,0.0000
08/22/2021 11:00:00,0.3151,0.3581,0.0000,0.0001,0.0901,0.0404,0.0000,0.0000,0.0000,0.0723,0.0000,0.0000,0.4440,0.0000,0.0000,0.0000,0.0134,0.0000
08/22/2021 12:00:00,0.4253,0.4547,0.0029,0.0180,0.0900,0.0440,0.0000,0.0000,0.0000,0.0721,0.0425,0.0000,0.5252,0.0000,0.0208,0.0000,0.0247,0.0259
08/22/2021 13:00:00,0.6087,0.7074,0.0000,0.0354,0.0894,0.0408,0.0000,0.0000,0.0000,0.0527,0.0215,0.0000,0.9662,0.0000,0.0086,0.0000,0.0133,0.0781
08/22/2021 14:00:00,0.2316,0.4030,0.0000,0.0000,0.0888,0.0399,0.0000,0.0000,0.0000,0.0001,0.0206,0.0000,0.3822,0.0000,0.0000,0.0000,0.0156,0.0662
08/22/2021 15:00:00,0.6175,0.7638,0.0000,0.0001,0.0896,0.0726,0.0000,0.0000,0.0000,0.0190,0.0439,0.0000,1.0172,0.0529,0.0395,0.0000,0.0212,0.0122
08/22/2021 16:00:00,0.2261,0.2924,0.0029,0.0001,0.0892,0.0823,0.0000,0.0000,0.0000,0.0788,0.0000,0.0000,0.1364,0.0443,0.0568,0.0000,0.0136,0.0000
08/22/2021 17:00:00,0.3301,0.3632,0.0000,0.0000,0.0891,0.0484,0.0000,0.0000,0.0000,0.0748,0.0239,0.0000,0.3747,0.0139,0.0162,0.0066,0.0323,0.0000
08/22/2021 18:00:00,0.4257,0.5225,0.0000,0.0025,0.0903,0.0729,0.0000,0.0000,0.0000,0.0742,0.0000,0.0000,0.5547,0.0065,0.0097,0.0177,0.0563,0.0534
08/22/2021 19:00:00,0.3627,0.4782,0.0000,0.0504,0.0907,0.0635,0.0000,0.0000,0.0000,0.0736,0.0230,0.0000,0.4034,0.0000,0.0001,0.0078,0.0190,0.0963
08/22/2021 20:00:00,0.8143,0.9814,0.0033,0.0360,0.1015,0.0629,0.0000,0.0000,0.0000,0.0729,0.0828,0.0000,1.1857,0.0170,0.0031,0.0043,0.0680,0.1508
08/22/2021 21:00:00,0.3514,0.6364,0.0028,0.0098,0.1029,0.2024,0.0000,0.0000,0.0000,0.0726,0.0000,0.0003,0.4397,0.0269,0.0229,0.0000,0.0214,0.0776
08/22/2021 22:00:00,0.4620,0.5967,0.0000,0.0738,0.1023,0.1798,0.0000,0.0017,0.0000,0.0721,0.0230,0.0100,0.4393,0.0079,0.0326,0.0197,0.0356,0.0490
08/22/2021 23:00:00,0.1184,0.1504,0.0000,0.0001,0.1023,0.0376,0.0000,0.0000,0.0000,0.0603,0.0000,0.0019,0.0000,0.0000,0.0321,0.0000,0.0136,0.0000
08/23/2021 00:00:00,0.0710,0.1427,0.0000,0.0001,0.1026,0.0163,0.0000,0.0000,0.0000,0.0002,0.0235,0.0000,0.0000,0.0000,0.0318,0.0000,0.0136,0.0000
08/23/2021 01:00:00,0.0608,0.1267,0.0000,0.0001,0.1028,0.0143,0.0000,0.0000,0.0000,0.0013,0.0000,0.0000,0.0000,0.0000,0.0321,0.0000,0.0137,0.0000
08/23/2021 02:00:00,0.1387,0.1261,0.0000,0.0001,0.1029,0.0143,0.0000,0.0000,0.0000,0.0828,0.0000,0.0000,0.0000,0.0000,0.0321,0.0000,0.0137,0.0000
08/23/2021 03:00:00,0.1316,0.1250,0.0000,0.0001,0.1027,0.0142,0.0000,0.0000,0.0000,0.0756,0.0000,0.0000,0.0000,0.0000,0.0321,0.0000,0.0137,0.0000
08/23/2021 04:00:00,0.1301,0.1249,0.0000,0.0001,0.1027,0.0142,0.0000,0.0000,0.0000,0.0743,0.0000,0.0000,0.0000,0.0000,0.0319,0.0000,0.0137,0.0000
08/23/2021 05:00:00,0.1452,0.1430,0.0000,0.0001,0.1025,0.0142,0.0000,0.0000,0.0000,0.0736,0.0325,0.0000,0.0000,0.0000,0.0318,0.0000,0.0136,0.0000
08/23/2021 06:00:00,0.5716,0.5397,0.0055,0.0001,0.1006,0.0139,0.0000,0.0000,0.0000,0.0726,0.0553,0.0000,0.7662,0.0000,0.0356,0.0000,0.0476,0.0001
08/23/2021 07:00:00,0.9710,0.8160,0.0027,0.0206,0.0905,0.0176,0.0000,0.0000,0.0000,0.0419,0.0500,0.0741,1.2804,0.0049,0.1203,0.0004,0.0496,0.0283
08/23/2021 08:00:00,2.6120,2.6209,0.0085,0.0340,0.0920,0.0244,0.0002,0.0000,0.0000,0.0001,0.5277,0.0910,4.1262,0.0549,0.1088,0.0000,0.0666,0.0820
08/23/2021 09:00:00,0.8255,1.0255,0.0000,0.0583,0.0911,0.0774,0.0011,0.0000,0.0000,0.0293,1.2972,0.0000,0.0000,0.0427,0.0580,0.0000,0.0222,0.0774
08/23/2021 10:00:00,1.5647,1.8564,0.0054,0.0102,0.0912,0.0820,0.0009,0.0000,0.0000,0.0769,1.3135,0.0000,1.5486,0.0231,0.0234,0.0000,0.0268,0.1415
08/23/2021 11:00:00,1.4483,1.5304,0.0000,0.1604,0.0903,0.0386,0.0007,0.0000,0.0000,0.0740,1.1523,0.0000,1.1610,0.0190,0.0440,0.0000,0.0147,0.1532
08/23/2021 12:00:00,0.4750,0.5229,0.0000,0.0422,0.0898,0.1014,0.0000,0.0000,0.0000,0.0735,0.0219,0.0000,0.5723,0.0140,0.0411,0.0000,0.0144,0.0147
08/23/2021 13:00:00,0.4106,0.4469,0.0000,0.0001,0.0911,0.0906,0.0000,0.0000,0.0000,0.0734,0.0000,0.0012,0.4973,0.0117,0.0580,0.0000,0.0222,0.0003
08/23/2021 14:00:00,0.3830,0.3803,0.0000,0.0001,0.0905,0.0502,0.0000,0.0000,0.0000,0.0731,0.0227,0.0000,0.4078,0.0125,0.0692,0.0000,0.0183,0.0057
08/23/2021 15:00:00,0.1984,0.2498,0.0000,0.0001,0.0897,0.0718,0.0000,0.0000,0.0000,0.0725,0.0251,0.0000,0.0000,0.0297,0.0855,0.0000,0.0186,0.0388
08/23/2021 16:00:00,0.9073,1.0469,0.0056,0.0000,0.0900,0.0742,0.0000,0.0000,0.0000,0.0719,0.0784,0.0000,1.4750,0.0269,0.0349,0.0000,0.0231,0.0664
08/23/2021 17:00:00,1.0170,1.1631,0.0028,0.0045,0.0901,0.1450,0.0000,0.0000,0.0000,0.0718,0.0248,0.0000,1.7203,0.0159,0.0492,0.0000,0.0209,0.0334
08/23/2021 18:00:00,0.3527,0.5413,0.0000,0.0001,0.0900,0.0829,0.0000,0.0000,0.0000,0.0016,0.0234,0.0000,0.5871,0.0138,0.0156,0.0000,0.0176,0.0443
08/23/2021 19:00:00,0.0441,0.3080,0.0000,0.0001,0.0910,0.1052,0.0000,0.0000,0.0000,0.0001,0.0209,0.0000,0.0000,0.0196,0.0019,0.0000,0.0135,0.0755
08/23/2021 20:00:00,0.3309,0.5403,0.0000,0.0000,0.0989,0.0969,0.0000,0.0000,0.0000,0.0736,0.0000,0.0000,0.4147,0.0269,0.0201,0.0104,0.0217,0.0965
08/23/2021 21:00:00,0.4337,0.5401,0.0000,0.0914,0.1024,0.0577,0.0000,0.0023,0.0000,0.0758,0.0220,0.0022,0.4067,0.0195,0.0190,0.0014,0.0227,0.1395
08/23/2021 22:00:00,0.6703,0.7797,0.0083,0.0579,0.1026,0.0487,0.0000,0.0000,0.0000,0.0744,0.0826,0.0101,0.8470,0.0171,0.0425,0.0065,0.0179,0.1234
08/23/2021 23:00:00,1.4960,1.5693,0.0054,0.0001,0.1029,0.0318,0.0000,0.0000,0.0000,0.0736,0.0520,0.0037,2.6706,0.0081,0.0503,0.0000,0.0133,0.0547
08/24/2021 00:00:00,0.4371,0.4375,0.0000,0.0001,0.1025,0.0156,0.0000,0.0000,0.0000,0.0733,0.0000,0.0000,0.6241,0.0000,0.0317,0.0000,0.0136,0.0000
08/24/2021 01:00:00,0.1287,0.1252,0.0000,0.0001,0.1025,0.0135,0.0000,0.0000,0.0000,0.0729,0.0000,0.0000,0.0000,0.0000,0.0319,0.0000,0.0136,0.0000
08/24/2021 02:00:00,0.1285,0.1248,0.0000,0.0001,0.1026,0.0135,0.0000,0.0000,0.0000,0.0726,0.0000,0.0000,0.0000,0.0000,0.0320,0.0000,0.0137,0.0000
08/24/2021 03:00:00,0.0724,0.1242,0.0000,0.0001,0.1028,0.0135,0.0000,0.0000,0.0000,0.0135,0.0000,0.0000,0.0000,0.0000,0.0321,0.0000,0.0137,0.0000
08/24/2021 04:00:00,0.0600,0.1250,0.0000,0.0001,0.1036,0.0135,0.0000,0.0000,0.0000,0.0002,0.0000,0.0000,0.0000,0.0000,0.0322,0.0000,0.0137,0.0000
08/24/2021 05:00:00,0.3561,0.3654,0.0000,0.0001,0.1029,0.0134,0.0000,0.0000,0.0000,0.0594,0.0000,0.0000,0.4856,0.0000,0.0319,0.0000,0.0136,0.0000
08/24/2021 06:00:00,0.1353,0.1241,0.0000,0.0001,0.1018,0.0135,0.0000,0.0000,0.0000,0.0761,0.0000,0.0000,0.0000,0.0000,0.0330,0.0000,0.0160,0.0008
08/24/2021 07:00:00,0.6131,0.5758,0.0026,0.0142,0.0916,0.0190,0.0000,0.0000,0.0000,0.0740,0.0482,0.0018,0.7419,0.0130,0.0729,0.0124,0.0508,0.0343
08/24/2021 08:00:00,0.3660,0.4654,0.0000,0.0001,0.0915,0.0327,0.0000,0.0000,0.0000,0.0731,0.0257,0.0037,0.4290,0.0620,0.0384,0.0000,0.0163,0.0459
08/24/2021 09:00:00,1.3636,1.3315,0.0027,0.0001,0.0915,0.0478,0.0000,0.0000,0.0000,0.0724,0.0742,0.0829,2.1351,0.0495,0.0948,0.0000,0.0135,0.0306
08/24/2021 10:00:00,0.3465,0.4574,0.0000,0.0001,0.0904,0.0503,0.0000,0.0000,0.0000,0.0720,0.0276,0.0000,0.4697,0.0296,0.0010,0.0000,0.0177,0.0329
08/24/2021 11:00:00,0.2705,0.3981,0.0000,0.0001,0.0905,0.0404,0.0000,0.0000,0.0000,0.0373,0.0000,0.0000,0.4103,0.0229,0.0026,0.0000,0.0145,0.0349
08/24/2021 12:00:00,0.0909,0.1954,0.0000,0.0429,0.0906,0.0403,0.0000,0.0000,0.0000,0.0001,0.0233,0.0000,0.0000,0.0139,0.0035,0.0000,0.0161,0.0322
08/24/2021 13:00:00,0.3974,0.4151,0.0028,0.0001,0.0910,0.0481,0.0000,0.0000,0.0000,0.0398,0.0229,0.0007,0.3991,0.0242,0.0931,0.0000,0.0444,0.0320
08/24/2021 14:00:00,0.8666,0.9016,0.0027,0.0000,0.0905,0.0921,0.0000,0.0000,0.0000,0.1214,0.0511,0.0264,1.2790,0.0326,0.0181,0.0000,0.0344,0.0130
08/24/2021 15:00:00,0.1423,0.3619,0.0000,0.0000,0.0901,0.1044,0.0000,0.0000,0.0000,0.1104,0.0000,0.0000,0.0000,0.0358,0.0004,0.0000,0.0219,0.1266
08/24/2021 16:00:00,0.4131,0.3909,0.0027,0.0001,0.0902,0.0551,0.0000,0.0000,0.0000,0.0746,0.0219,0.0000,0.4256,0.0133,0.0606,0.0000,0.0475,0.0000
08/24/2021 17:00:00,0.0975,0.1492,0.0000,0.0000,0.0900,0.0397,0.0000,0.0000,0.0000,0.0741,0.0000,0.0000,0.0000,0.0142,0.0000,0.0000,0.0133,0.0000
08/24/2021 18:00:00,0.0973,0.1494,0.0000,0.0000,0.0904,0.0400,0.0000,0.0000,0.0000,0.0738,0.0000,0.0000,0.0000,0.0136,0.0000,0.0000,0.0134,0.0000
08/24/2021 19:00:00,0.0970,0.1493,0.0000,0.0000,0.0905,0.0404,0.0000,0.0000,0.0000,0.0734,0.0000,0.0000,0.0000,0.0131,0.0000,0.0000,0.0134,0.0000
08/24/2021 20:00:00,0.3362,0.3819,0.0000,0.0001,0.0985,0.0403,0.0000,0.0109,0.0000,0.0729,0.0222,0.0043,0.3818,0.0170,0.0085,0.0007,0.0312,0.0177
08/24/2021 21:00:00,0.3817,0.4697,0.0000,0.0285,0.1019,0.0643,0.0000,0.0000,0.0000,0.0724,0.0000,0.0083,0.3995,0.0131,0.0118,0.0031,0.0546,0.0832
08/24/2021 22:00:00,0.6866,0.7901,0.0081,0.0000,0.1024,0.0909,0.0000,0.0000,0.0000,0.0437,0.1016,0.0055,1.0212,0.0000,0.0585,0.0173,0.0134,0.0000
08/24/2021 23:00:00,0.7825,0.8493,0.0000,0.0001,0.1028,0.0216,0.0000,0.0000,0.0000,0.0001,0.0000,0.0000,1.4354,0.0000,0.0463,0.0018,0.0135,0.0000
08/25/2021 00:00:00,0.1196,0.1270,0.0000,0.0001,0.1027,0.0148,0.0000,0.0000,0.0000,0.0156,0.0000,0.0000,0.0000,0.0000,0.0780,0.0000,0.0136,0.0000
08/25/2021 01:00:00,0.4130,0.3843,0.0000,0.0001,0.1026,0.0136,0.0000,0.0000,0.0000,0.0805,0.0000,0.0000,0.5203,0.0000,0.0522,0.0000,0.0135,0.0000
08/25/2021 02:00:00,0.1316,0.1247,0.0000,0.0001,0.1027,0.0137,0.0000,0.0000,0.0000,0.0759,0.0000,0.0000,0.0000,0.0000,0.0319,0.0000,0.0137,0.0000
08/25/2021 03:00:00,0.1309,0.1250,0.0000,0.0001,0.1030,0.0137,0.0000,0.0000,0.0000,0.0748,0.0000,0.0000,0.0000,0.0000,0.0321,0.0000,0.0137,0.0000
08/25/2021 04:00:00,0.1302,0.1253,0.0000,0.0001,0.1034,0.0137,0.0000,0.0000,0.0000,0.0741,0.0000,0.0000,0.0000,0.0000,0.0323,0.0000,0.0137,0.0000
08/25/2021 05:00:00,0.1289,0.1252,0.0000,0.0001,0.1033,0.0137,0.0000,0.0000,0.0000,0.0735,0.0000,0.0000,0.0000,0.0000,0.0318,0.0000,0.0136,0.0000
08/25/2021 06:00:00,0.5794,0.5389,0.0028,0.0001,0.1011,0.0136,0.0000,0.0000,0.0000,0.0727,0.0483,0.0018,0.7635,0.0000,0.0510,0.0003,0.0432,0.0070
08/25/2021 07:00:00,0.6177,0.6276,0.0026,0.0323,0.0909,0.0135,0.0000,0.0000,0.0000,0.0323,0.0479,0.0007,0.8975,0.0060,0.0578,0.0003,0.0163,0.0345
08/25/2021 08:00:00,1.1460,1.2525,0.0026,0.0001,0.0912,0.0227,0.0004,0.0000,0.0000,0.0001,0.3873,0.0017,1.7295,0.0220,0.0657,0.0000,0.0178,0.0295
08/25/2021 09:00:00,2.2439,2.2381,0.0053,0.0565,0.0919,0.0493,0.0007,0.0000,0.0000,0.0433,1.3168,0.0821,2.5178,0.0592,0.1389,0.0000,0.0133,0.0354
08/25/2021 10:00:00,1.1394,1.3066,0.0000,0.0000,0.0913,0.0606,0.0011,0.0000,0.0000,0.0767,1.3168,0.0005,0.6107,0.0266,0.0767,0.0000,0.0180,0.0800
08/25/2021 11:00:00,0.7671,0.8825,0.0000,0.0160,0.0907,0.0393,0.0010,0.0000,0.0000,0.0743,1.3082,0.0000,0.0000,0.0131,0.0003,0.0000,0.0144,0.0032
08/25/2021 12:00:00,0.1736,0.1732,0.0028,0.0001,0.0916,0.0409,0.0000,0.0000,0.0000,0.0745,0.0336,0.0000,0.0000,0.0135,0.0562,0.0000,0.0164,0.0000
08/25/2021 13:00:00,0.3567,0.4272,0.0000,0.0003,0.0914,0.0561,0.0000,0.0000,0.0000,0.0738,0.0000,0.0000,0.4173,0.0340,0.0477,0.0000,0.0192,0.0327
08/25/2021 14:00:00,0.3772,0.4678,0.0000,0.0078,0.0910,0.0558,0.0000,0.0000,0.0000,0.0734,0.0208,0.0000,0.4134,0.0378,0.0542,0.0000,0.0178,0.0605
08/25/2021 15:00:00,0.5000,0.4742,0.0000,0.1802,0.0903,0.0624,0.0000,0.0000,0.0000,0.0730,0.0000,0.0000,0.4578,0.0292,0.0000,0.0000,0.0133,0.0587
08/25/2021 16:00:00,1.3753,1.3220,0.0026,0.0026,0.0909,0.0534,0.0000,0.0000,0.0000,0.0725,0.0786,0.0949,2.1557,0.0167,0.0744,0.0000,0.0191,0.0361
08/25/2021 17:00:00,0.3690,0.5030,0.0000,0.0107,0.0913,0.0995,0.0000,0.0000,0.0000,0.0727,0.0000,0.0004,0.4944,0.0126,0.0176,0.0000,0.0160,0.0485
08/25/2021 18:00:00,0.3260,0.4058,0.0027,0.0049,0.0910,0.0405,0.0000,0.0000,0.0000,0.0461,0.0245,0.0000,0.4181,0.0127,0.0283,0.0000,0.0168,0.0318
08/25/2021 19:00:00,0.1633,0.2863,0.0000,0.0001,0.0954,0.0411,0.0000,0.0000,0.0000,0.0002,0.0000,0.0000,0.2663,0.0120,0.0000,0.0000,0.0135,0.0000
08/25/2021 20:00:00,0.1287,0.2579,0.0000,0.0004,0.1027,0.0412,0.0000,0.0000,0.0000,0.0171,0.0220,0.0000,0.1166,0.0128,0.0003,0.0004,0.0275,0.0253
08/25/2021 21:00:00,0.3293,0.3328,0.0000,0.1016,0.1027,0.0518,0.0000,0.0044,0.0000,0.0799,0.0000,0.0004,0.1098,0.0123,0.0390,0.0001,0.0423,0.1061
08/25/2021 22:00:00,0.8076,0.9320,0.0059,0.0011,0.1025,0.1015,0.0000,0.0002,0.0000,0.0751,0.0761,0.0096,1.2417,0.0013,0.0380,0.0047,0.0238,0.0495
08/25/2021 23:00:00,0.4424,0.4470,0.0000,0.0001,0.1027,0.0209,0.0000,0.0000,0.0000,0.0744,0.0000,0.0000,0.6316,0.0000,0.0317,0.0003,0.0140,0.0000
08/26/2021 00:00:00,0.1293,0.1253,0.0000,0.0001,0.1024,0.0150,0.0000,0.0000,0.0000,0.0738,0.0000,0.0000,0.0000,0.0000,0.0317,0.0000,0.0136,0.0000
08/26/2021 01:00:00,0.1299,0.1238,0.0000,0.0001,0.1025,0.0134,0.0000,0.0000,0.0000,0.0733,0.0000,0.0000,0.0000,0.0000,0.0328,0.0000,0.0136,0.0000
08/26/2021 02:00:00,0.3599,0.3582,0.0000,0.0001,0.1029,0.0133,0.0000,0.0000,0.0000,0.0729,0.0238,0.0000,0.4442,0.0000,0.0319,0.0000,0.0136,0.0000
08/26/2021 03:00:00,0.1149,0.1243,0.0000,0.0001,0.1030,0.0133,0.0000,0.0000,0.0000,0.0581,0.0000,0.0000,0.0000,0.0000,0.0321,0.0000,0.0137,0.0000
08/26/2021 04:00:00,0.0600,0.1244,0.0000,0.0001,0.1032,0.0133,0.0000,0.0000,0.0000,0.0002,0.0000,0.0000,0.0000,0.0000,0.0322,0.0000,0.0137,0.0000
08/26/2021 05:00:00,0.0699,0.1240,0.0000,0.0001,0.1029,0.0133,0.0000,0.0000,0.0000,0.0107,0.0000,0.0000,0.0000,0.0000,0.0320,0.0000,0.0137,0.0000
08/26/2021 06:00:00,0.5461,0.4599,0.0032,0.0585,0.1018,0.0130,0.0000,0.0000,0.0000,0.0804,0.0232,0.0000,0.6019,0.0000,0.0445,0.0072,0.0451,0.0149
08/26/2021 07:00:00,0.8878,0.8773,0.0059,0.0001,0.0917,0.0186,0.0000,0.0000,0.0000,0.0749,0.0716,0.0055,1.3388,0.0010,0.0827,0.0004,0.0184,0.0467
08/26/2021 08:00:00,1.1822,1.1828,0.0000,0.0275,0.0916,0.0416,0.0000,0.0000,0.0000,0.0735,0.0565,0.0313,1.8535,0.0275,0.0597,0.0000,0.0374,0.0626
08/26/2021 09:00:00,0.7172,0.7496,0.0000,0.0360,0.0915,0.0539,0.0000,0.0000,0.0000,0.0726,0.0214,0.0000,1.0439,0.0205,0.0342,0.0000,0.0388,0.0468
08/26/2021 10:00:00,0.3506,0.4098,0.0000,0.0001,0.0913,0.0578,0.0000,0.0000,0.0000,0.0725,0.0000,0.0000,0.4207,0.0147,0.0457,0.0000,0.0146,0.0316
08/26/2021 11:00:00,0.1254,0.1665,0.0000,0.0095,0.0908,0.0521,0.0000,0.0000,0.0000,0.0238,0.0000,0.0000,0.0000,0.0146,0.0661,0.0000,0.0150,0.0037
08/26/2021 12:00:00,0.3138,0.4319,0.0000,0.0538,0.0909,0.0490,0.0000,0.0000,0.0000,0.0002,0.0235,0.0000,0.3802,0.0265,0.0291,0.0000,0.0179,0.0579
08/26/2021 13:00:00,0.2039,0.3005,0.0000,0.0001,0.0908,0.0504,0.0000,0.0000,0.0000,0.0613,0.0473,0.0000,0.1002,0.0125,0.0431,0.0000,0.0149,0.0655
08/26/2021 14:00:00,0.6378,0.6805,0.0028,0.0001,0.0910,0.1082,0.0000,0.0000,0.0000,0.0759,0.0266,0.0000,0.8588,0.0124,0.1004,0.0000,0.0149,0.0185
08/26/2021 15:00:00,1.1302,1.1513,0.0027,0.0278,0.0912,0.0497,0.0000,0.0000,0.0000,0.0742,0.0538,0.0000,1.8873,0.0317,0.0455,0.0000,0.0144,0.0012
08/26/2021 16:00:00,0.1899,0.2355,0.0000,0.0113,0.0907,0.0500,0.0000,0.0000,0.0000,0.0738,0.0233,0.0000,0.0000,0.0402,0.0687,0.0000,0.0155,0.0362
08/26/2021 17:00:00,1.9064,1.7350,0.0053,0.1253,0.0939,0.0690,0.0000,0.0000,0.0000,0.0732,0.0757,0.0842,2.8954,0.0379,0.1318,0.0000,0.0179,0.0396
08/26/2021 18:00:00,0.7090,0.7602,0.0000,0.0223,0.0957,0.0581,0.0000,0.0000,0.0000,0.0732,0.0235,0.0000,1.0705,0.0305,0.0445,0.0000,0.0206,0.0244
08/26/2021 19:00:00,0.6369,0.7759,0.0027,0.0000,0.0918,0.0981,0.0000,0.0000,0.0000,0.0729,0.0220,0.0000,0.9496,0.0324,0.0217,0.0082,0.0525,0.0525
08/26/2021 20:00:00,0.4893,0.6691,0.0000,0.0491,0.1017,0.1184,0.0000,0.0000,0.0000,0.0680,0.0226,0.0000,0.5357,0.0302,0.0665,0.0185,0.0210,0.1160
08/26/2021 21:00:00,0.3256,0.5423,0.0000,0.0078,0.1021,0.1238,0.0000,0.0030,0.0000,0.0002,0.0000,0.0000,0.4187,0.0153,0.0707,0.0000,0.0247,0.0872
08/26/2021 22:00:00,0.5484,0.6882,0.0065,0.0001,0.1026,0.0450,0.0000,0.0000,0.0000,0.0002,0.0787,0.0067,0.8318,0.0000,0.0570,0.0000,0.0213,0.0686
08/26/2021 23:00:00,1.0664,1.0651,0.0026,0.0000,0.1030,0.0192,0.0000,0.0000,0.0000,0.0786,0.0266,0.0032,1.8369,0.0000,0.0404,0.0022,0.0134,0.0000
08/27/2021 00:00:00,0.1317,0.1316,0.0000,0.0001,0.1027,0.0191,0.0000,0.0000,0.0000,0.0760,0.0000,0.0000,0.0000,0.0000,0.0319,0.0001,0.0137,0.0000
08/27/2021 01:00:00,0.3992,0.3963,0.0000,0.0001,0.1023,0.0141,0.0000,0.0000,0.0000,0.0745,0.0000,0.0000,0.5449,0.0000,0.0317,0.0000,0.0136,0.0000
08/27/2021 02:00:00,0.1299,0.1255,0.0000,0.0001,0.1024,0.0138,0.0000,0.0000,0.0000,0.0740,0.0000,0.0000,0.0000,0.0000,0.0321,0.0000,0.0137,0.0000
08/27/2021 03:00:00,0.1304,0.1245,0.0000,0.0001,0.1028,0.0135,0.0000,0.0000,0.0000,0.0735,0.0000,0.0000,0.0000,0.0000,0.0323,0.0000,0.0143,0.0000
08/27/2021 04:00:00,0.1291,0.1241,0.0000,0.0001,0.1027,0.0137,0.0000,0.0000,0.0000,0.0730,0.0000,0.0000,0.0000,0.0000,0.0321,0.0000,0.0137,0.0000
08/27/2021 05:00:00,0.1115,0.1239,0.0000,0.0001,0.1023,0.0138,0.0000,0.0000,0.0000,0.0549,0.0000,0.0000,0.0000,0.0000,0.0319,0.0000,0.0137,0.0000
08/27/2021 06:00:00,0.3481,0.3784,0.0000,0.0001,0.1012,0.0132,0.0000,0.0000,0.0000,0.0002,0.0232,0.0000,0.4471,0.0000,0.0598,0.0084,0.0428,0.0132
08/27/2021 07:00:00,0.3498,0.3668,0.0000,0.0536,0.0904,0.0131,0.0000,0.0000,0.0000,0.0101,0.0000,0.0010,0.4037,0.0140,0.0571,0.0010,0.0167,0.0411
08/27/2021 08:00:00,0.5797,0.5926,0.0027,0.0360,0.0902,0.0315,0.0007,0.0000,0.0000,0.0801,0.3926,0.0016,0.3588,0.0106,0.0617,0.0000,0.0179,0.0526
08/27/2021 09:00:00,0.3255,0.3642,0.0000,0.0001,0.0900,0.0587,0.0002,0.0000,0.0000,0.0745,0.2183,0.0000,0.0197,0.0099,0.1055,0.0000,0.0179,0.0676
08/27/2021 10:00:00,0.6501,0.7645,0.0000,0.0001,0.0899,0.0519,0.0000,0.0000,0.0000,0.0739,0.0279,0.0000,1.0716,0.0122,0.0078,0.0000,0.0152,0.0558
08/27/2021 11:00:00,0.7194,0.7290,0.0000,0.0953,0.0891,0.0484,0.0000,0.0000,0.0000,0.0729,0.0507,0.0000,0.9987,0.0032,0.0043,0.0000,0.0200,0.0564
08/27/2021 12:00:00,0.6935,0.7436,0.0000,0.0221,0.0892,0.0526,0.0000,0.0000,0.0000,0.0722,0.0446,0.0185,0.9118,0.0253,0.0853,0.0000,0.0145,0.0926
08/27/2021 13:00:00,0.4379,0.5098,0.0000,0.0051,0.0896,0.1409,0.0000,0.0000,0.0000,0.0586,0.0243,0.0000,0.3942,0.0194,0.1446,0.0000,0.0138,0.0454
08/27/2021 14:00:00,0.7026,0.9275,0.0000,0.0370,0.0896,0.1484,0.0000,0.0000,0.0000,0.0002,0.0444,0.0000,1.1231,0.0120,0.0588,0.0098,0.0181,0.0791
08/27/2021 15:00:00,1.1213,1.3526,0.0000,0.0224,0.0901,0.0426,0.0000,0.0000,0.0000,0.0780,0.0565,0.0000,1.8475,0.1291,0.0557,0.0000,0.0162,0.1351
08/27/2021 16:00:00,1.2560,1.1993,0.0054,0.0021,0.0906,0.0404,0.0000,0.0000,0.0000,0.0742,0.0524,0.0847,2.0141,0.0114,0.0527,0.0000,0.0132,0.0145
08/27/2021 17:00:00,0.8008,0.8748,0.0000,0.0338,0.0902,0.0661,0.0000,0.0000,0.0000,0.0733,0.0221,0.0000,1.2191,0.0116,0.0451,0.0000,0.0278,0.0824
08/27/2021 18:00:00,0.7474,0.8647,0.0000,0.0303,0.0901,0.0476,0.0000,0.0000,0.0000,0.0727,0.0220,0.0000,1.2114,0.0118,0.0014,0.0000,0.0269,0.0949
08/27/2021 19:00:00,0.3000,0.4646,0.0000,0.0031,0.0900,0.0441,0.0000,0.0000,0.0000,0.0723,0.0213,0.0000,0.3868,0.0122,0.0000,0.0000,0.0134,0.1090
08/27/2021 20:00:00,0.3804,0.5901,0.0000,0.0001,0.0999,0.0405,0.0000,0.0000,0.0000,0.0327,0.0211,0.0000,0.5346,0.0123,0.0458,0.0162,0.0151,0.1388
08/27/2021 21:00:00,0.3281,0.5981,0.0000,0.0001,0.1018,0.0409,0.0000,0.0021,0.0000,0.0246,0.0207,0.0026,0.4975,0.0150,0.0079,0.0003,0.0204,0.1766
08/27/2021 22:00:00,0.4911,0.4844,0.0030,0.0001,0.1024,0.0412,0.0000,0.0020,0.0000,0.0768,0.0233,0.0058,0.5006,0.0195,0.0912,0.0004,0.0473,0.0503
08/27/2021 23:00:00,0.1298,0.1577,0.0000,0.0001,0.1024,0.0457,0.0000,0.0000,0.0000,0.0739,0.0000,0.0000,0.0000,0.0000,0.0319,0.0027,0.0136,0.0000
08/28/2021 00:00:00,0.1290,0.1610,0.0000,0.0001,0.1022,0.0436,0.0000,0.0000,0.0000,0.0732,0.0000,0.0000,0.0000,0.0000,0.0319,0.0076,0.0137,0.0000
08/28/2021 01:00:00,0.1287,0.1521,0.0000,0.0001,0.1024,0.0418,0.0000,0.0000,0.0000,0.0727,0.0000,0.0000,0.0000,0.0000,0.0321,0.0000,0.0137,0.0000
08/28/2021 02:00:00,0.0616,0.1513,0.0000,0.0001,0.1023,0.0419,0.0000,0.0000,0.0000,0.0021,0.0000,0.0000,0.0000,0.0000,0.0320,0.0000,0.0137,0.0000
08/28/2021 03:00:00,0.3078,0.3444,0.0000,0.0001,0.1025,0.0418,0.0000,0.0000,0.0000,0.0594,0.0000,0.0000,0.3881,0.0000,0.0320,0.0000,0.0136,0.0000
08/28/2021 04:00:00,0.1311,0.1517,0.0000,0.0001,0.1024,0.0421,0.0000,0.0000,0.0000,0.0750,0.0000,0.0000,0.0000,0.0000,0.0322,0.0000,0.0137,0.0000
08/28/2021 05:00:00,0.1297,0.1517,0.0000,0.0001,0.1025,0.0420,0.0000,0.0000,0.0000,0.0736,0.0000,0.0000,0.0000,0.0000,0.0322,0.0000,0.0137,0.0000
08/28/2021 06:00:00,0.1540,0.1708,0.0000,0.0001,0.1014,0.0423,0.0000,0.0084,0.0000,0.0639,0.0218,0.0000,0.0000,0.0000,0.0324,0.0019,0.0284,0.0058
08/28/2021 07:00:00,0.2459,0.3367,0.0000,0.0001,0.0912,0.0420,0.0000,0.0000,0.0000,0.0002,0.0000,0.0000,0.3669,0.0040,0.0339,0.0074,0.0168,0.0031
08/28/2021 08:00:00,1.5149,1.6431,0.0056,0.0012,0.0914,0.0453,0.0000,0.0000,0.0000,0.0725,0.0951,0.0242,2.5709,0.0553,0.0597,0.0000,0.0306,0.1073
08/28/2021 09:00:00,0.8686,1.0045,0.0000,0.0201,0.0908,0.0536,0.0000,0.0000,0.0000,0.0739,0.0499,0.0002,1.3033,0.0915,0.0773,0.0000,0.0195,0.0865
08/28/2021 10:00:00,0.7389,0.8635,0.0000,0.0038,0.0901,0.0524,0.0000,0.0000,0.0000,0.0728,0.0216,0.0000,1.1358,0.0497,0.0675,0.0000,0.0145,0.0887
08/28/2021 11:00:00,0.4935,0.6736,0.0000,0.0055,0.0905,0.0481,0.0000,0.0000,0.0000,0.0722,0.0257,0.0000,0.7057,0.0323,0.0304,0.0000,0.0163,0.1324
08/28/2021 12:00:00,0.3782,0.5220,0.0000,0.0781,0.0905,0.0422,0.0000,0.0000,0.0000,0.0088,0.0210,0.0000,0.4841,0.0209,0.0105,0.0000,0.0167,0.0793
08/28/2021 13:00:00,1.4700,1.4231,0.0055,0.0000,0.0905,0.0422,0.0000,0.0000,0.0000,0.0551,0.0943,0.0846,2.3270,0.0209,0.1055,0.0000,0.0167,0.0793
08/28/2021 14:00:00,1.2968,1.3033,0.0056,0.0000,0.0906,0.0505,0.0000,0.0000,0.0000,0.0746,0.0753,0.0000,2.1383,0.0247,0.0720,0.0003,0.0473,0.0202
08/28/2021 15:00:00,0.2623,0.2914,0.0000,0.0000,0.0904,0.0492,0.0000,0.0000,0.0000,0.0735,0.0232,0.0000,0.1761,0.0215,0.0676,0.0000,0.0133,0.0243
08/28/2021 16:00:00,0.4231,0.5331,0.0000,0.0001,0.0903,0.0597,0.0000,0.0000,0.0000,0.0729,0.0000,0.0000,0.5835,0.0275,0.0351,0.0000,0.0170,0.0600
08/28/2021 17:00:00,1.5227,1.5624,0.0055,0.0890,0.0905,0.0443,0.0000,0.0000,0.0000,0.0727,0.1030,0.0000,2.5013,0.0368,0.0188,0.0000,0.0482,0.0772
08/28/2021 18:00:00,0.7381,0.8445,0.0000,0.0446,0.0908,0.0398,0.0000,0.0000,0.0000,0.0725,0.0272,0.0000,1.1696,0.0148,0.0065,0.0000,0.0165,0.0963
08/28/2021 19:00:00,0.3476,0.4764,0.0000,0.0019,0.0908,0.0404,0.0000,0.0000,0.0000,0.0723,0.0227,0.0000,0.4840,0.0144,0.0000,0.0000,0.0134,0.0721
08/28/2021 20:00:00,0.5053,0.7576,0.0000,0.0001,0.1007,0.0408,0.0000,0.0000,0.0000,0.0168,0.0223,0.0000,0.8181,0.0163,0.0340,0.0327,0.0254,0.1430
08/28/2021 21:00:00,1.3010,1.5284,0.0057,0.0287,0.1028,0.0973,0.0000,0.0000,0.0000,0.0386,0.0483,0.0000,2.2793,0.0146,0.0573,0.0000,0.0135,0.1415
08/28/2021 22:00:00,0.4338,0.5976,0.0000,0.0001,0.1027,0.0995,0.0000,0.0000,0.0000,0.0760,0.0361,0.0111,0.5070,0.0117,0.0523,0.0049,0.0171,0.1011
08/28/2021 23:00:00,1.3520,1.3846,0.0053,0.0001,0.1030,0.0471,0.0000,0.0000,0.0000,0.0738,0.0534,0.0042,2.3840,0.0000,0.0447,0.0020,0.0149,0.0026
08/29/2021 00:00:00,0.1291,0.1549,0.0000,0.0001,0.1028,0.0422,0.0000,0.0000,0.0000,0.0732,0.0000,0.0000,0.0000,0.0000,0.0320,0.0000,0.0137,0.0000
08/29/2021 01:00:00,0.4208,0.4482,0.0000,0.0001,0.1027,0.0417,0.0000,0.0000,0.0000,0.0727,0.0000,0.0000,0.5919,0.0000,0.0318,0.0000,0.0136,0.0000
08/29/2021 02:00:00,0.0656,0.1525,0.0000,0.0001,0.1024,0.0418,0.0000,0.0000,0.0000,0.0067,0.0000,0.0000,0.0000,0.0000,0.0318,0.0000,0.0136,0.0000
08/29/2021 03:00:00,0.1119,0.1520,0.0000,0.0001,0.1028,0.0420,0.0000,0.0000,0.0000,0.0549,0.0000,0.0000,0.0000,0.0000,0.0320,0.0000,0.0137,0.0000
08/29/2021 04:00:00,0.1315,0.1524,0.0000,0.0001,0.1030,0.0422,0.0000,0.0000,0.0000,0.0752,0.0000,0.0000,0.0000,0.0000,0.0322,0.0000,0.0137,0.0000
08/29/2021 05:00:00,0.1379,0.1615,0.0000,0.0001,0.1031,0.0422,0.0000,0.0000,0.0000,0.0738,0.0159,0.0000,0.0000,0.0000,0.0322,0.0000,0.0137,0.0000
08/29/2021 06:00:00,0.1367,0.1546,0.0000,0.0001,0.1023,0.0422,0.0000,0.0003,0.0000,0.0644,0.0048,0.0000,0.0000,0.0000,0.0334,0.0000,0.0258,0.0001
08/29/2021 07:00:00,0.9573,1.0193,0.0079,0.0121,0.0921,0.0416,0.0000,0.0000,0.0000,0.0002,0.1007,0.0000,1.5135,0.0000,0.1112,0.0021,0.0245,0.0598
08/29/2021 08:00:00,2.3330,2.0765,0.0028,0.0613,0.0919,0.0457,0.0003,0.0000,0.0000,0.0724,0.4491,0.1412,3.2842,0.0000,0.1637,0.0017,0.0425,0.0415
08/29/2021 09:00:00,0.9798,0.9257,0.0000,0.0187,0.0901,0.0400,0.0000,0.0000,0.0000,0.0739,0.0000,0.0035,1.5452,0.0000,0.0960,0.0000,0.0159,0.0204
08/29/2021 10:00:00,0.4056,0.4479,0.0000,0.0001,0.0899,0.0401,0.0000,0.0000,0.0000,0.0729,0.0000,0.0000,0.6259,0.0000,0.0000,0.0000,0.0133,0.0000
08/29/2021 11:00:00,0.0961,0.1370,0.0000,0.0001,0.0899,0.0402,0.0000,0.0000,0.0000,0.0725,0.0000,0.0000,0.0000,0.0000,0.0000,0.0000,0.0134,0.0000
08/29/2021 12:00:00,0.6637,0.7814,0.0037,0.0001,0.0903,0.0498,0.0000,0.0000,0.0000,0.0083,0.0492,0.0004,1.0726,0.0110,0.0630,0.0151,0.0247,0.0445
08/29/2021 13:00:00,0.3908,0.5517,0.0000,0.0000,0.0894,0.0525,0.0000,0.0000,0.0000,0.0591,0.0212,0.0000,0.5796,0.0319,0.0066,0.0000,0.0168,0.0727
08/29/2021 14:00:00,0.4295,0.5553,0.0000,0.0000,0.0894,0.0522,0.0000,0.0000,0.0000,0.0749,0.0244,0.0000,0.6211,0.0091,0.0090,0.0000,0.0167,0.0747
08/29/2021 15:00:00,0.0978,0.2205,0.0000,0.0001,0.0889,0.0521,0.0000,0.0000,0.0000,0.0735,0.0000,0.0000,0.0000,0.0017,0.0009,0.0000,0.0133,0.0696
08/29/2021 16:00:00,0.3965,0.5376,0.0000,0.0030,0.0896,0.0543,0.0000,0.0000,0.0000,0.0729,0.0232,0.0000,0.5803,0.0045,0.0001,0.0000,0.0132,0.0808
08/29/2021 17:00:00,0.0962,0.2227,0.0000,0.0001,0.0896,0.0563,0.0000,0.0000,0.0000,0.0728,0.0000,0.0000,0.0000,0.0000,0.0000,0.0000,0.0133,0.0699
08/29/2021 18:00:00,0.4493,0.5648,0.0000,0.0000,0.0904,0.0568,0.0000,0.0000,0.0000,0.0725,0.0242,0.0000,0.5794,0.0036,0.0217,0.0029,0.0472,0.1031
08/29/2021 19:00:00,0.3128,0.5103,0.0033,0.0001,0.0905,0.0571,0.0000,0.0000,0.0000,0.0705,0.0000,0.0000,0.4215,0.0001,0.0000,0.0000,0.0239,0.1432
08/29/2021 20:00:00,0.3868,0.4551,0.0000,0.1598,0.1004,0.0570,0.0000,0.0000,0.0000,0.0001,0.0209,0.0000,0.3660,0.0137,0.0029,0.0000,0.0185,0.0836
08/29/2021 21:00:00,1.1925,1.3457,0.0055,0.0194,0.1024,0.0967,0.0000,0.0000,0.0000,0.0592,0.0793,0.0000,1.9828,0.0227,0.0470,0.0001,0.0366,0.0818
08/29/2021 22:00:00,0.6490,0.8475,0.0000,0.0001,0.1024,0.1133,0.0000,0.0000,0.0000,0.0748,0.0000,0.0033,1.0153,0.0469,0.0464,0.0025,0.0135,0.0717
08/29/2021 23:00:00,0.4029,0.4322,0.0027,0.0001,0.1027,0.0411,0.0000,0.0000,0.0000,0.0736,0.0231,0.0007,0.4960,0.0000,0.0378,0.0024,0.0244,0.0157
08/30/2021 00:00:00,0.1290,0.1529,0.0000,0.0001,0.1028,0.0414,0.0000,0.0000,0.0000,0.0731,0.0000,0.0000,0.0000,0.0000,0.0320,0.0002,0.0137,0.0000
08/30/2021 01:00:00,0.1411,0.1523,0.0000,0.0001,0.1026,0.0412,0.0000,0.0000,0.0000,0.0635,0.0000,0.0000,0.0000,0.0000,0.0536,0.0000,0.0136,0.0000
08/30/2021 02:00:00,0.0597,0.1530,0.0000,0.0001,0.1028,0.0415,0.0000,0.0000,0.0000,0.0002,0.0000,0.0000,0.0000,0.0000,0.0321,0.0000,0.0137,0.0000
08/30/2021 03:00:00,0.1271,0.1519,0.0000,0.0001,0.1027,0.0414,0.0000,0.0000,0.0000,0.0708,0.0000,0.0000,0.0000,0.0000,0.0320,0.0000,0.0136,0.0000
08/30/2021 04:00:00,0.3298,0.3519,0.0000,0.0001,0.1027,0.0412,0.0000,0.0000,0.0000,0.0745,0.0000,0.0000,0.4041,0.0000,0.0319,0.0000,0.0136,0.0000
08/30/2021 05:00:00,0.1469,0.1713,0.0000,0.0001,0.1025,0.0411,0.0000,0.0000,0.0000,0.0733,0.0364,0.0000,0.0000,0.0000,0.0317,0.0000,0.0136,0.0000
08/30/2021 06:00:00,0.1790,0.1710,0.0000,0.0001,0.1015,0.0407,0.0000,0.0000,0.0000,0.0670,0.0216,0.0000,0.0000,0.0000,0.0495,0.0066,0.0420,0.0031
08/30/2021 07:00:00,1.3653,1.4349,0.0085,0.0140,0.0913,0.0444,0.0000,0.0000,0.0000,0.0001,0.0807,0.0137,2.3876,0.0165,0.0901,0.0001,0.0161,0.0351
08/30/2021 08:00:00,1.0890,1.1244,0.0027,0.0001,0.0918,0.0662,0.0000,0.0000,0.0000,0.0653,0.0494,0.0057,1.7535,0.0093,0.0992,0.0000,0.0185,0.0491
08/30/2021 09:00:00,1.1427,1.1658,0.0000,0.0442,0.0907,0.0672,0.0000,0.0000,0.0000,0.0740,0.0477,0.0000,1.8479,0.0080,0.0657,0.0000,0.0147,0.0484
08/30/2021 10:00:00,1.5256,1.4299,0.0056,0.0000,0.0904,0.0506,0.0000,0.0000,0.0000,0.0726,0.0845,0.0944,2.3907,0.0014,0.1131,0.0000,0.0140,0.0393
08/30/2021 11:00:00,0.3020,0.2485,0.0000,0.0005,0.0901,0.0307,0.0000,0.0000,0.0000,0.0723,0.0454,0.0000,0.0828,0.0124,0.1410,0.0000,0.0164,0.0430
08/30/2021 12:00:00,0.4709,0.4478,0.0000,0.1180,0.0897,0.0248,0.0000,0.0000,0.0000,0.0389,0.0206,0.0000,0.4943,0.0022,0.0354,0.0000,0.0133,0.0663
08/30/2021 13:00:00,0.7005,0.7708,0.0000,0.0049,0.0903,0.0527,0.0000,0.0000,0.0000,0.0213,0.0777,0.0010,1.1495,0.0000,0.0382,0.0000,0.0163,0.0065
08/30/2021 14:00:00,0.1005,0.1509,0.0000,0.0000,0.0898,0.0542,0.0000,0.0000,0.0000,0.0770,0.0000,0.0000,0.0000,0.0000,0.0000,0.0000,0.0134,0.0000
08/30/2021 15:00:00,0.0976,0.1501,0.0000,0.0001,0.0899,0.0534,0.0000,0.0000,0.0000,0.0739,0.0000,0.0000,0.0000,0.0000,0.0000,0.0000,0.0134,0.0000
08/30/2021 16:00:00,0.3549,0.4097,0.0027,0.0001,0.0896,0.0533,0.0000,0.0000,0.0000,0.0733,0.0234,0.0000,0.4823,0.0045,0.0040,0.0003,0.0175,0.0000
08/30/2021 17:00:00,0.4454,0.5366,0.0000,0.0123,0.0898,0.0534,0.0000,0.0000,0.0000,0.0727,0.0220,0.0000,0.6230,0.0045,0.0202,0.0000,0.0140,0.0608
08/30/2021 18:00:00,0.4537,0.4674,0.0000,0.0018,0.0900,0.0649,0.0000,0.0000,0.0000,0.0725,0.0260,0.0000,0.5213,0.0000,0.0798,0.0000,0.0207,0.0316
08/30/2021 19:00:00,0.9056,0.8887,0.0000,0.0000,0.0903,0.0603,0.0000,0.0360,0.0000,0.0617,0.0214,0.0000,1.2842,0.0187,0.1215,0.0000,0.0328,0.0627
08/30/2021 20:00:00,0.0710,0.3089,0.0000,0.0001,0.1013,0.0915,0.0000,0.0000,0.0000,0.0001,0.0000,0.0000,0.0000,0.0394,0.0411,0.0004,0.0150,0.0714
08/30/2021 21:00:00,0.8156,1.0994,0.0058,0.0001,0.1023,0.1847,0.0000,0.0025,0.0000,0.0672,0.0540,0.0000,1.2849,0.0581,0.0045,0.0001,0.0689,0.0735
08/30/2021 22:00:00,1.1875,1.2745,0.0053,0.0001,0.1028,0.1432,0.0000,0.0000,0.0000,0.0743,0.0557,0.0091,1.8337,0.0188,0.0228,0.0034,0.1394,0.0509
08/30/2021 23:00:00,0.4421,0.4568,0.0000,0.0001,0.1018,0.0693,0.0000,0.0000,0.0000,0.0732,0.0212,0.0052,0.5303,0.0000,0.0180,0.0003,0.0638,0.0000
08/31/2021 00:00:00,0.1788,0.1586,0.0000,0.0001,0.1017,0.0481,0.0000,0.0000,0.0000,0.0729,0.0000,0.0000,0.0000,0.0000,0.0316,0.0001,0.0645,0.0000
08/31/2021 01:00:00,0.1789,0.1534,0.0000,0.0001,0.1022,0.0425,0.0000,0.0000,0.0000,0.0726,0.0000,0.0000,0.0000,0.0000,0.0318,0.0000,0.0647,0.0000
08/31/2021 02:00:00,0.3472,0.3664,0.0000,0.0001,0.1026,0.0421,0.0000,0.0000,0.0000,0.0261,0.0000,0.0000,0.4295,0.0000,0.0320,0.0000,0.0648,0.0000
08/31/2021 03:00:00,0.1391,0.1518,0.0000,0.0001,0.1023,0.0422,0.0000,0.0000,0.0000,0.0304,0.0000,0.0000,0.0000,0.0000,0.0319,0.0000,0.0648,0.0000
08/31/2021 04:00:00,0.1828,0.1514,0.0000,0.0001,0.1022,0.0419,0.0000,0.0000,0.0000,0.0764,0.0000,0.0000,0.0000,0.0000,0.0318,0.0000,0.0649,0.0000
08/31/2021 05:00:00,0.1770,0.1488,0.0000,0.0001,0.1006,0.0411,0.0000,0.0000,0.0000,0.0726,0.0000,0.0000,0.0000,0.0000,0.0312,0.0000,0.0637,0.0000
08/31/2021 06:00:00,0.6580,0.6049,0.0027,0.0001,0.1022,0.0414,0.0000,0.0000,0.0000,0.0727,0.0269,0.0000,0.8560,0.0000,0.0311,0.0063,0.1085,0.0045
08/31/2021 07:00:00,0.3701,0.3926,0.0000,0.0001,0.0914,0.0410,0.0000,0.0000,0.0000,0.0510,0.0232,0.0082,0.4385,0.0013,0.0447,0.0005,0.0274,0.0204
08/31/2021 08:00:00,1.1289,1.1404,0.0030,0.0000,0.0910,0.0405,0.0007,0.0000,0.0000,0.0054,0.4262,0.1360,1.4645,0.0301,0.0211,0.0000,0.0176,0.0029
08/31/2021 09:00:00,0.5139,0.5100,0.0000,0.0561,0.0909,0.0507,0.0000,0.0000,0.0000,0.0790,0.0000,0.0000,0.6827,0.0147,0.0152,0.0000,0.0170,0.0083
08/31/2021 10:00:00,0.1037,0.1635,0.0000,0.0001,0.0908,0.0550,0.0000,0.0000,0.0000,0.0738,0.0000,0.0000,0.0000,0.0125,0.0053,0.0000,0.0144,0.0000
08/31/2021 11:00:00,0.4476,0.4318,0.0000,0.0505,0.0906,0.0595,0.0000,0.0000,0.0000,0.0729,0.0216,0.0000,0.4430,0.0132,0.0708,0.0000,0.0163,0.0305
08/31/2021 12:00:00,0.3020,0.4231,0.0000,0.0078,0.0902,0.0503,0.0000,0.0000,0.0000,0.0722,0.0000,0.0000,0.3863,0.0160,0.0070,0.0000,0.0165,0.0694
08/31/2021 13:00:00,0.6640,0.6382,0.0026,0.0490,0.0898,0.0447,0.0000,0.0000,0.0000,0.0638,0.0213,0.0041,0.8350,0.0116,0.1001,0.0000,0.0164,0.0568
08/31/2021 14:00:00,0.1816,0.1553,0.0000,0.0001,0.0896,0.0198,0.0000,0.0000,0.0000,0.0001,0.0240,0.0000,0.0000,0.0157,0.1419,0.0000,0.0157,0.0109
08/31/2021 15:00:00,0.3218,0.3944,0.0000,0.0001,0.0897,0.0253,0.0000,0.0000,0.0000,0.0690,0.0247,0.0000,0.3973,0.0156,0.0178,0.0000,0.0159,0.0465
08/31/2021 16:00:00,0.7019,0.7608,0.0025,0.0029,0.0900,0.0386,0.0000,0.0000,0.0000,0.0742,0.0428,0.0000,1.0279,0.0133,0.0718,0.0000,0.0153,0.0752
08/31/2021 17:00:00,0.4629,0.4756,0.0000,0.0065,0.0896,0.0470,0.0000,0.0000,0.0000,0.0731,0.0209,0.0332,0.4803,0.0148,0.0747,0.0025,0.0190,0.0653
08/31/2021 18:00:00,0.6820,0.6354,0.0000,0.0911,0.0900,0.0153,0.0000,0.0000,0.0000,0.0725,0.0215,0.0000,0.8961,0.0140,0.0397,0.0000,0.0168,0.0520
08/31/2021 19:00:00,0.2160,0.2339,0.0000,0.0001,0.0921,0.0137,0.0000,0.0000,0.0000,0.0700,0.0000,0.0000,0.0000,0.0252,0.1215,0.0014,0.0154,0.0959
08/31/2021 20:00:00,1.2560,1.3897,0.0086,0.0064,0.1019,0.0237,0.0000,0.0007,0.0000,0.0001,0.1034,0.0000,2.1729,0.0155,0.0942,0.0139,0.0169,0.0815
08/31/2021 21:00:00,0.6394,0.7615,0.0000,0.0001,0.1022,0.0418,0.0000,0.0000,0.0000,0.0606,0.0000,0.0002,0.9963,0.0156,0.0559,0.0007,0.0201,0.1006
08/31/2021 22:00:00,0.4498,0.6520,0.0000,0.0001,0.1020,0.1355,0.0000,0.0000,0.0000,0.0746,0.0223,0.0106,0.5004,0.0363,0.0446,0.0025,0.0529,0.1094
08/31/2021 23:00:00,0.4712,0.5032,0.0027,0.0001,0.1017,0.0492,0.0000,0.0000,0.0000,0.0731,0.0218,0.0065,0.6514,0.0000,0.0341,0.0059,0.0149,0.0000
09/01/2021 00:00:00,0.1285,0.1525,0.0000,0.0001,0.1016,0.0422,0.0000,0.0000,0.0000,0.0726,0.0000,0.0000,0.0000,0.0000,0.0320,0.0000,0.0137,0.0000
09/01/2021 01:00:00,0.1103,0.1523,0.0000,0.0001,0.1019,0.0419,0.0000,0.0000,0.0000,0.0531,0.0000,0.0000,0.0000,0.0000,0.0322,0.0000,0.0137,0.0000
09/01/2021 02:00:00,0.0599,0.1522,0.0000,0.0001,0.1017,0.0419,0.0000,0.0000,0.0000,0.0002,0.0000,0.0000,0.0000,0.0000,0.0322,0.0000,0.0137,0.0000
09/01/2021 03:00:00,0.1347,0.1510,0.0000,0.0001,0.1017,0.0419,0.0000,0.0000,0.0000,0.0786,0.0000,0.0000,0.0000,0.0000,0.0321,0.0000,0.0137,0.0000
09/01/2021 04:00:00,0.3524,0.3943,0.0000,0.0018,0.1017,0.0428,0.0000,0.0000,0.0000,0.0739,0.0253,0.0008,0.4093,0.0000,0.0374,0.0205,0.0142,0.0044
09/01/2021 05:00:00,0.1552,0.1499,0.0000,0.0001,0.1014,0.0413,0.0000,0.0000,0.0000,0.0728,0.0000,0.0000,0.0000,0.0000,0.0319,0.0000,0.0405,0.0000
09/01/2021 06:00:00,0.2169,0.1717,0.0028,0.0001,0.1009,0.0408,0.0000,0.0000,0.0000,0.0721,0.0218,0.0000,0.0000,0.0000,0.0623,0.0055,0.0624,0.0025
09/01/2021 07:00:00,0.3297,0.3667,0.0000,0.0001,0.0921,0.0405,0.0000,0.0000,0.0000,0.0154,0.0000,0.0053,0.3824,0.0059,0.0911,0.0000,0.0172,0.0313
09/01/2021 08:00:00,1.7947,1.7276,0.0083,0.0328,0.0897,0.0399,0.0000,0.0000,0.0000,0.0432,0.1155,0.0601,3.0035,0.0033,0.0882,0.0049,0.0200,0.0174
09/01/2021 09:00:00,0.3458,0.3658,0.0000,0.0038,0.0891,0.0590,0.0000,0.0000,0.0000,0.0747,0.0223,0.0000,0.3526,0.0000,0.0601,0.0000,0.0135,0.0230
09/01/2021 10:00:00,0.3324,0.4109,0.0000,0.0001,0.0892,0.0681,0.0000,0.0000,0.0000,0.0729,0.0000,0.0000,0.3920,0.0000,0.0427,0.0000,0.0135,0.0520
09/01/2021 11:00:00,0.4279,0.4475,0.0000,0.0119,0.0892,0.0882,0.0000,0.0000,0.0000,0.0722,0.0474,0.0000,0.4613,0.0000,0.0663,0.0000,0.0173,0.0073
09/01/2021 12:00:00,0.3652,0.4477,0.0000,0.0007,0.0887,0.0499,0.0000,0.0000,0.0000,0.0550,0.0433,0.0000,0.4964,0.0000,0.0090,0.0000,0.0228,0.0317
09/01/2021 13:00:00,0.3190,0.3849,0.0000,0.0005,0.0884,0.0643,0.0000,0.0000,0.0000,0.0001,0.0214,0.0000,0.3891,0.0145,0.0389,0.0000,0.0641,0.0064
09/01/2021 14:00:00,0.2202,0.1590,0.0000,0.0006,0.0881,0.0614,0.0000,0.0000,0.0000,0.0784,0.0000,0.0000,0.0000,0.0000,0.0696,0.0000,0.0628,0.0027
09/01/2021 15:00:00,1.1104,1.0986,0.0057,0.0558,0.0899,0.0617,0.0000,0.0000,0.0000,0.0742,0.0526,0.0000,1.7347,0.0000,0.0553,0.0000,0.0347,0.0427
09/01/2021 16:00:00,1.5212,1.4931,0.0055,0.0245,0.0900,0.0602,0.0000,0.0000,0.0000,0.0729,0.0800,0.0691,2.4567,0.0000,0.0773,0.0005,0.0158,0.0640
09/01/2021 17:00:00,0.6455,0.6254,0.0000,0.0621,0.0895,0.0541,0.0000,0.0000,0.0000,0.0723,0.0000,0.0135,0.8109,0.0000,0.0727,0.0000,0.0159,0.0720
09/01/2021 18:00:00,0.5435,0.4808,0.0000,0.0833,0.0900,0.0543,0.0000,0.0000,0.0000,0.0448,0.0254,0.0007,0.6014,0.0000,0.0748,0.0001,0.0206,0.0163
09/01/2021 19:00:00,0.2829,0.3769,0.0000,0.0001,0.0902,0.0549,0.0000,0.0000,0.0000,0.0222,0.0215,0.0000,0.4284,0.0000,0.0067,0.0000,0.0165,0.0000
09/01/2021 20:00:00,0.4713,0.5188,0.0000,0.0291,0.1012,0.0709,0.0000,0.0000,0.0000,0.0762,0.0000,0.0000,0.5446,0.0106,0.0406,0.0002,0.0470,0.0592
09/01/2021 21:00:00,0.2211,0.3793,0.0026,0.0074,0.1017,0.1374,0.0000,0.0061,0.0000,0.0730,0.0234,0.0059,0.0000,0.0308,0.0599,0.0000,0.0502,0.0888
09/01/2021 22:00:00,0.3055,0.5938,0.0000,0.0014,0.1015,0.1959,0.0000,0.0000,0.0000,0.0492,0.0000,0.0000,0.3969,0.0147,0.0338,0.0000,0.0140,0.0794
09/01/2021 23:00:00,0.2740,0.3657,0.0000,0.0001,0.1020,0.0498,0.0000,0.0000,0.0000,0.0223,0.0233,0.0009,0.3618,0.0007,0.0328,0.0032,0.0151,0.0091
09/02/2021 00:00:00,0.1322,0.1565,0.0000,0.0001,0.1016,0.0464,0.0000,0.0000,0.0000,0.0762,0.0000,0.0000,0.0000,0.0000,0.0320,0.0000,0.0137,0.0000
09/02/2021 01:00:00,0.1296,0.1529,0.0000,0.0001,0.1020,0.0423,0.0000,0.0000,0.0000,0.0734,0.0000,0.0000,0.0000,0.0000,0.0322,0.0000,0.0137,0.0000
09/02/2021 02:00:00,0.1286,0.1525,0.0000,0.0001,0.1020,0.0419,0.0000,0.0000,0.0000,0.0725,0.0000,0.0000,0.0000,0.0000,0.0321,0.0000,0.0137,0.0000
09/02/2021 03:00:00,0.0778,0.1506,0.0000,0.0001,0.1015,0.0418,0.0000,0.0000,0.0000,0.0191,0.0000,0.0000,0.0000,0.0000,0.0320,0.0000,0.0137,0.0000
09/02/2021 04:00:00,0.1086,0.1508,0.0000,0.0001,0.1016,0.0420,0.0000,0.0000,0.0000,0.0511,0.0000,0.0000,0.0000,0.0000,0.0321,0.0000,0.0137,0.0000
09/02/2021 05:00:00,0.1302,0.1503,0.0000,0.0001,0.1014,0.0417,0.0000,0.0000,0.0000,0.0744,0.0000,0.0000,0.0000,0.0000,0.0320,0.0000,0.0137,0.0000
09/02/2021 06:00:00,0.6000,0.5593,0.0027,0.0001,0.1020,0.0413,0.0000,0.0000,0.0000,0.0726,0.0289,0.0000,0.7695,0.0000,0.0558,0.0066,0.0678,0.0011
09/02/2021 07:00:00,0.3493,0.4489,0.0029,0.0002,0.0914,0.0409,0.0000,0.0000,0.0000,0.0044,0.0439,0.0019,0.4784,0.0100,0.0563,0.0000,0.0157,0.0343
09/02/2021 08:00:00,0.4739,0.4976,0.0000,0.0290,0.0907,0.0537,0.0008,0.0000,0.0000,0.0699,0.4307,0.0021,0.0409,0.0146,0.1023,0.0000,0.0262,0.0716
09/02/2021 09:00:00,0.7543,0.7631,0.0000,0.0012,0.0910,0.0533,0.0000,0.0000,0.0000,0.0737,0.0265,0.0000,1.0779,0.0103,0.0607,0.0000,0.0641,0.0521
09/02/2021 10:00:00,0.1544,0.3056,0.0000,0.0001,0.0894,0.0457,0.0000,0.0000,0.0000,0.0725,0.0210,0.0000,0.0000,0.0100,0.0482,0.0000,0.0136,0.1440
09/02/2021 11:00:00,0.3071,0.4381,0.0000,0.0001,0.0894,0.0287,0.0000,0.0000,0.0000,0.0089,0.0000,0.0000,0.4059,0.0112,0.0716,0.0000,0.0136,0.1014
09/02/2021 12:00:00,0.2975,0.3536,0.0000,0.0001,0.0888,0.0414,0.0000,0.0000,0.0000,0.0660,0.0215,0.0000,0.3817,0.0000,0.0054,0.0000,0.0161,0.0148
09/02/2021 13:00:00,0.2054,0.2476,0.0000,0.0048,0.0883,0.0463,0.0000,0.0000,0.0000,0.0735,0.0042,0.0000,0.1231,0.0000,0.0401,0.0000,0.0156,0.0428
09/02/2021 14:00:00,1.6422,1.5713,0.0110,0.0009,0.0894,0.0458,0.0000,0.0000,0.0000,0.0724,0.1439,0.0979,2.6150,0.0005,0.0801,0.0000,0.0189,0.0370
09/02/2021 15:00:00,1.4960,1.5399,0.0000,0.0000,0.0892,0.0445,0.0000,0.0000,0.0000,0.0708,0.0213,0.0031,2.7017,0.0082,0.0539,0.0000,0.0131,0.0362
09/02/2021 16:00:00,0.0431,0.3575,0.0000,0.0006,0.0885,0.1715,0.0000,0.0000,0.0000,0.0001,0.0000,0.0034,0.0000,0.0620,0.0074,0.0000,0.0147,0.0304
09/02/2021 17:00:00,0.7588,0.8447,0.0000,0.0463,0.0892,0.0555,0.0000,0.0000,0.0000,0.0747,0.0458,0.0000,1.1865,0.0145,0.0028,0.0003,0.0187,0.0639
09/02/2021 18:00:00,0.5121,0.5797,0.0000,0.0671,0.0894,0.0382,0.0000,0.0000,0.0000,0.0737,0.0217,0.0000,0.6843,0.0131,0.0000,0.0000,0.0134,0.0810
09/02/2021 19:00:00,0.3115,0.4889,0.0000,0.0001,0.0900,0.0388,0.0000,0.0000,0.0000,0.0726,0.0000,0.0000,0.4167,0.0119,0.0055,0.0302,0.0173,0.1061
09/02/2021 20:00:00,0.0965,0.4182,0.0000,0.0001,0.1008,0.1133,0.0000,0.0000,0.0000,0.0516,0.0211,0.0000,0.0000,0.0450,0.0052,0.0315,0.0167,0.1115
09/02/2021 21:00:00,0.0743,0.4093,0.0027,0.0001,0.1015,0.1447,0.0000,0.0050,0.0000,0.0183,0.0000,0.0000,0.0000,0.0455,0.0060,0.0015,0.0300,0.1087
09/02/2021 22:00:00,0.3592,0.5581,0.0000,0.0001,0.1016,0.1085,0.0000,0.0000,0.0000,0.0765,0.0304,0.0069,0.4077,0.0155,0.0334,0.0000,0.0164,0.1079
09/02/2021 23:00:00,1.7567,1.8376,0.0110,0.0001,0.1021,0.0471,0.0000,0.0000,0.0000,0.0731,0.0982,0.0043,3.1482,0.0043,0.0511,0.0047,0.0143,0.0396
09/03/2021 00:00:00,0.1034,0.1541,0.0000,0.0001,0.1016,0.0423,0.0000,0.0000,0.0000,0.0459,0.0000,0.0000,0.0000,0.0000,0.0322,0.0002,0.0137,0.0000
09/03/2021 01:00:00,0.1852,0.2502,0.0000,0.0001,0.1016,0.0401,0.0000,0.0000,0.0000,0.0283,0.0000,0.0000,0.1989,0.0001,0.0323,0.0000,0.0137,0.0000
09/03/2021 02:00:00,0.3364,0.3556,0.0000,0.0001,0.1009,0.0394,0.0000,0.0000,0.0000,0.0756,0.0000,0.0000,0.4157,0.0000,0.0317,0.0000,0.0136,0.0000
09/03/2021 03:00:00,0.1395,0.1606,0.0000,0.0001,0.1011,0.0397,0.0000,0.0000,0.0000,0.0732,0.0213,0.0000,0.0000,0.0000,0.0319,0.0000,0.0137,0.0000
09/03/2021 04:00:00,0.1096,0.1482,0.0000,0.0001,0.1011,0.0398,0.0000,0.0000,0.0000,0.0527,0.0000,0.0000,0.0000,0.0000,0.0320,0.0000,0.0137,0.0000
09/03/2021 05:00:00,0.0765,0.1477,0.0000,0.0001,0.1009,0.0395,0.0000,0.0000,0.0000,0.0181,0.0000,0.0000,0.0000,0.0000,0.0318,0.0000,0.0137,0.0000
09/03/2021 06:00:00,0.3716,0.3599,0.0000,0.0001,0.1002,0.0392,0.0000,0.0045,0.0000,0.0761,0.0233,0.0010,0.3736,0.0000,0.0337,0.0061,0.0508,0.0085
09/03/2021 07:00:00,0.1707,0.2507,0.0000,0.0001,0.0896,0.0392,0.0000,0.0000,0.0000,0.0323,0.0000,0.0015,0.1014,0.0071,0.0493,0.0000,0.0260,0.0583
09/03/2021 08:00:00,0.5546,0.6704,0.0000,0.0019,0.0895,0.0390,0.0000,0.0000,0.0000,0.0371,0.0437,0.0000,0.8799,0.0127,0.0341,0.0000,0.0139,0.0619
09/03/2021 09:00:00,0.8780,0.8628,0.0000,0.0586,0.0893,0.0507,0.0000,0.0000,0.0000,0.0704,0.0489,0.0063,1.2646,0.0062,0.0708,0.0000,0.0148,0.0542
09/03/2021 10:00:00,0.2948,0.4131,0.0026,0.0001,0.0888,0.0480,0.0000,0.0000,0.0000,0.0107,0.0215,0.0000,0.4339,0.0000,0.0293,0.0000,0.0148,0.0393
09/03/2021 11:00:00,0.8137,0.7932,0.0027,0.0753,0.0891,0.0467,0.0000,0.0000,0.0000,0.0768,0.0691,0.0000,1.1526,0.0000,0.0303,0.0000,0.0191,0.0361
09/03/2021 12:00:00,0.7363,0.5821,0.0000,0.0284,0.0894,0.0508,0.0000,0.0000,0.0000,0.0728,0.0029,0.0973,0.8421,0.0158,0.0987,0.0000,0.0135,0.0000
09/03/2021 13:00:00,0.3669,0.4535,0.0000,0.0001,0.0887,0.0470,0.0000,0.0000,0.0000,0.0189,0.0206,0.0000,0.4670,0.0062,0.0765,0.0000,0.0187,0.0603
09/03/2021 14:00:00,0.3842,0.4067,0.0000,0.0001,0.0890,0.0517,0.0000,0.0000,0.0000,0.0620,0.0220,0.0014,0.4135,0.0034,0.0787,0.0001,0.0170,0.0375
09/03/2021 15:00:00,0.4055,0.3678,0.0000,0.0001,0.0890,0.0514,0.0000,0.0000,0.0000,0.0739,0.0000,0.0028,0.3951,0.0000,0.0952,0.0000,0.0298,0.0230
09/03/2021 16:00:00,0.3601,0.3742,0.0028,0.0001,0.0886,0.0421,0.0000,0.0000,0.0000,0.0727,0.0442,0.0000,0.4080,0.0000,0.0328,0.0000,0.0214,0.0049
09/03/2021 17:00:00,0.0760,0.1342,0.0000,0.0001,0.0885,0.0380,0.0000,0.0000,0.0000,0.0499,0.0000,0.0000,0.0000,0.0000,0.0000,0.0000,0.0134,0.0000
09/03/2021 18:00:00,0.0538,0.1343,0.0000,0.0001,0.0890,0.0384,0.0000,0.0000,0.0000,0.0245,0.0000,0.0000,0.0000,0.0000,0.0000,0.0000,0.0135,0.0000
09/03/2021 19:00:00,0.1000,0.1356,0.0000,0.0001,0.0897,0.0390,0.0000,0.0000,0.0000,0.0761,0.0000,0.0000,0.0000,0.0000,0.0000,0.0000,0.0136,0.0000
09/03/2021 20:00:00,0.2770,0.3275,0.0000,0.0001,0.1007,0.0392,0.0000,0.0000,0.0000,0.0733,0.0000,0.0000,0.3638,0.0000,0.0000,0.0000,0.0136,0.0000
09/03/2021 21:00:00,0.1903,0.2070,0.0000,0.0239,0.1007,0.0393,0.0000,0.0118,0.0000,0.0258,0.0232,0.0000,0.0000,0.0171,0.0504,0.0004,0.0562,0.0304
09/03/2021 22:00:00,0.1572,0.2219,0.0000,0.0001,0.1017,0.0398,0.0000,0.0000,0.0000,0.0485,0.0000,0.0011,0.0000,0.0396,0.0649,0.0003,0.0319,0.0354
09/03/2021 23:00:00,0.4149,0.4604,0.0027,0.0001,0.1016,0.0425,0.0000,0.0000,0.0000,0.0744,0.0272,0.0095,0.5190,0.0109,0.0241,0.0060,0.0276,0.0172
09/04/2021 00:00:00,0.1207,0.1564,0.0000,0.0001,0.1011,0.0462,0.0000,0.0000,0.0000,0.0648,0.0000,0.0000,0.0000,0.0000,0.0318,0.0002,0.0136,0.0000
09/04/2021 01:00:00,0.0686,0.1507,0.0000,0.0001,0.1012,0.0404,0.0000,0.0000,0.0000,0.0096,0.0000,0.0000,0.0000,0.0000,0.0320,0.0000,0.0137,0.0000
09/04/2021 02:00:00,0.1336,0.1507,0.0000,0.0001,0.1015,0.0401,0.0000,0.0000,0.0000,0.0775,0.0000,0.0000,0.0000,0.0000,0.0322,0.0000,0.0137,0.0000
09/04/2021 03:00:00,0.1299,0.1508,0.0000,0.0001,0.1016,0.0404,0.0000,0.0000,0.0000,0.0734,0.0000,0.0000,0.0000,0.0000,0.0324,0.0000,0.0138,0.0000
09/04/2021 04:00:00,0.1054,0.1621,0.0000,0.0001,0.1017,0.0404,0.0000,0.0000,0.0000,0.0363,0.0216,0.0000,0.0000,0.0000,0.0325,0.0000,0.0138,0.0000
09/04/2021 05:00:00,0.2933,0.3440,0.0000,0.0001,0.1016,0.0403,0.0000,0.0000,0.0000,0.0418,0.0000,0.0000,0.3912,0.0000,0.0324,0.0000,0.0138,0.0000
09/04/2021 06:00:00,0.1735,0.1739,0.0000,0.0001,0.1018,0.0442,0.0000,0.0000,0.0000,0.0748,0.0244,0.0000,0.0000,0.0000,0.0521,0.0062,0.0246,0.0007
09/04/2021 07:00:00,0.1555,0.1584,0.0000,0.0001,0.0914,0.0492,0.0000,0.0000,0.0000,0.0375,0.0000,0.0000,0.0000,0.0085,0.0863,0.0000,0.0204,0.0018
09/04/2021 08:00:00,0.9000,1.0283,0.0000,0.0326,0.0909,0.0417,0.0000,0.0000,0.0000,0.0385,0.0502,0.0022,1.4776,0.0452,0.0425,0.0000,0.0188,0.0818
09/04/2021 09:00:00,0.8545,1.0308,0.0028,0.0137,0.0905,0.0476,0.0000,0.0000,0.0000,0.0743,0.0687,0.0000,1.3914,0.0447,0.0142,0.0000,0.0236,0.1093
09/04/2021 10:00:00,1.5381,1.7124,0.0000,0.0150,0.0903,0.0462,0.0000,0.0000,0.0000,0.0381,0.1292,0.0000,2.7377,0.0335,0.0225,0.0000,0.0348,0.1028
09/04/2021 11:00:00,0.2807,0.4097,0.0000,0.0256,0.0896,0.0937,0.0000,0.0000,0.0000,0.0419,0.0220,0.0000,0.2695,0.0211,0.0264,0.0000,0.0311,0.0536
09/04/2021 12:00:00,0.4920,0.4299,0.0000,0.1584,0.0892,0.0520,0.0000,0.0000,0.0000,0.0739,0.0257,0.0000,0.4551,0.0124,0.0003,0.0000,0.0134,0.0296
09/04/2021 13:00:00,0.3569,0.3983,0.0029,0.0226,0.0890,0.0460,0.0000,0.0000,0.0000,0.0721,0.0238,0.0000,0.4442,0.0162,0.0038,0.0000,0.0177,0.0045
09/04/2021 14:00:00,1.5015,1.4798,0.0057,0.0101,0.0898,0.0455,0.0000,0.0000,0.0000,0.0179,0.0770,0.1208,2.4758,0.0205,0.0647,0.0000,0.0172,0.0381
09/04/2021 15:00:00,1.3336,1.7975,0.0000,0.0128,0.0905,0.1821,0.0000,0.0000,0.0000,0.0607,0.0734,0.0000,2.3458,0.1816,0.0387,0.0045,0.0167,0.1253
09/04/2021 16:00:00,1.1875,1.2797,0.0058,0.0033,0.0918,0.0425,0.0000,0.0000,0.0000,0.0731,0.0944,0.0000,2.0129,0.0111,0.0085,0.0000,0.0525,0.0693
09/04/2021 17:00:00,2.5642,2.5286,0.0083,0.0074,0.0919,0.0421,0.0000,0.0000,0.0000,0.0719,0.1188,0.0840,4.4758,0.0100,0.1002,0.0000,0.0239,0.0770
09/04/2021 18:00:00,0.8442,0.6544,0.0000,0.2735,0.0911,0.0427,0.0000,0.0000,0.0000,0.0483,0.0000,0.0000,0.9234,0.0116,0.0345,0.0000,0.0250,0.0432
09/04/2021 19:00:00,0.6666,0.9011,0.0000,0.0009,0.0922,0.0455,0.0000,0.0000,0.0000,0.0242,0.0248,0.0000,1.2096,0.0116,0.0029,0.0000,0.0137,0.1314
09/04/2021 20:00:00,0.3387,0.4558,0.0000,0.0001,0.1027,0.0443,0.0000,0.0000,0.0000,0.0759,0.0240,0.0000,0.4442,0.0118,0.0052,0.0022,0.0159,0.0553
09/04/2021 21:00:00,1.3565,1.4972,0.0053,0.0294,0.1034,0.0998,0.0000,0.0042,0.0000,0.0731,0.0828,0.0337,2.1456,0.0165,0.0818,0.0354,0.0259,0.1174
09/04/2021 22:00:00,0.3442,0.4894,0.0028,0.0001,0.1020,0.0634,0.0000,0.0000,0.0000,0.0237,0.0000,0.0044,0.5179,0.0008,0.0328,0.0043,0.0153,0.0521
09/04/2021 23:00:00,0.1244,0.1748,0.0000,0.0001,0.1018,0.0491,0.0000,0.0000,0.0000,0.0545,0.0235,0.0000,0.0000,0.0000,0.0331,0.0019,0.0137,0.0000
09/05/2021 00:00:00,0.1305,0.1523,0.0000,0.0001,0.1015,0.0416,0.0000,0.0000,0.0000,0.0743,0.0000,0.0000,0.0000,0.0000,0.0322,0.0000,0.0137,0.0000
09/05/2021 01:00:00,0.1289,0.1511,0.0000,0.0001,0.1014,0.0404,0.0000,0.0000,0.0000,0.0728,0.0000,0.0000,0.0000,0.0000,0.0321,0.0000,0.0137,0.0000
09/05/2021 02:00:00,0.2794,0.3663,0.0000,0.0001,0.1013,0.0407,0.0000,0.0000,0.0000,0.0059,0.0000,0.0000,0.4330,0.0000,0.0323,0.0000,0.0137,0.0000
09/05/2021 03:00:00,0.1284,0.1507,0.0000,0.0001,0.1019,0.0409,0.0000,0.0000,0.0000,0.0717,0.0000,0.0000,0.0000,0.0000,0.0324,0.0000,0.0138,0.0000
09/05/2021 04:00:00,0.1304,0.1510,0.0000,0.0001,0.1022,0.0409,0.0000,0.0000,0.0000,0.0738,0.0000,0.0000,0.0000,0.0000,0.0325,0.0000,0.0138,0.0000
09/05/2021 05:00:00,0.1157,0.1502,0.0000,0.0001,0.1015,0.0409,0.0000,0.0000,0.0000,0.0584,0.0000,0.0000,0.0000,0.0000,0.0324,0.0000,0.0138,0.0000
09/05/2021 06:00:00,0.1088,0.1638,0.0000,0.0001,0.1013,0.0410,0.0000,0.0000,0.0000,0.0146,0.0237,0.0000,0.0000,0.0000,0.0490,0.0004,0.0205,0.0000
09/05/2021 07:00:00,1.0054,0.9755,0.0000,0.0001,0.0904,0.0403,0.0000,0.0000,0.0000,0.0766,0.0752,0.0005,1.5570,0.0000,0.0974,0.0000,0.0149,0.0209
09/05/2021 08:00:00,1.9485,1.9571,0.0029,0.0372,0.0894,0.0392,0.0005,0.0000,0.0000,0.0451,0.4826,0.0261,2.9893,0.0000,0.0593,0.0076,0.0529,0.0533
09/05/2021 09:00:00,0.4830,0.4553,0.0000,0.0030,0.0883,0.0391,0.0000,0.0000,0.0000,0.0355,0.0216,0.0233,0.5893,0.0000,0.0897,0.0000,0.0191,0.0159
09/05/2021 10:00:00,0.3193,0.3560,0.0000,0.0001,0.0878,0.0387,0.0000,0.0000,0.0000,0.0744,0.0000,0.0000,0.4480,0.0000,0.0000,0.0000,0.0134,0.0000
09/05/2021 11:00:00,0.0961,0.1334,0.0000,0.0001,0.0878,0.0386,0.0000,0.0000,0.0000,0.0724,0.0000,0.0000,0.0000,0.0000,0.0000,0.0000,0.0135,0.0000
09/05/2021 12:00:00,0.4222,0.4193,0.0000,0.1088,0.0876,0.0380,0.0000,0.0000,0.0000,0.0026,0.0242,0.0000,0.4766,0.0000,0.0275,0.0000,0.0230,0.0360
09/05/2021 13:00:00,0.5522,0.6192,0.0000,0.0018,0.0878,0.0378,0.0000,0.0000,0.0000,0.0787,0.0222,0.0000,0.8274,0.0000,0.0265,0.0000,0.0165,0.0634
09/05/2021 14:00:00,0.3050,0.4415,0.0000,0.0000,0.0876,0.0375,0.0000,0.0000,0.0000,0.0730,0.0000,0.0000,0.4225,0.0000,0.0000,0.0000,0.0133,0.1002
09/05/2021 15:00:00,0.1570,0.2919,0.0027,0.0001,0.0876,0.0924,0.0000,0.0000,0.0000,0.0722,0.0419,0.0000,0.0000,0.0689,0.0374,0.0000,0.0169,0.0115
09/05/2021 16:00:00,0.2778,0.4248,0.0000,0.0001,0.0880,0.1020,0.0000,0.0000,0.0000,0.0503,0.0000,0.0000,0.3498,0.0555,0.0304,0.0000,0.0133,0.0000
09/05/2021 17:00:00,0.1029,0.2616,0.0000,0.0137,0.0877,0.0947,0.0000,0.0000,0.0000,0.0226,0.0210,0.0000,0.0000,0.0242,0.0255,0.0000,0.0185,0.0377
09/05/2021 18:00:00,0.1392,0.2871,0.0000,0.0000,0.0885,0.1006,0.0000,0.0000,0.0000,0.0762,0.0000,0.0000,0.0000,0.0224,0.0000,0.0000,0.0532,0.0707
09/05/2021 19:00:00,0.1015,0.3196,0.0000,0.0001,0.0890,0.0878,0.0000,0.0000,0.0000,0.0734,0.0000,0.0000,0.0000,0.0032,0.0000,0.0000,0.0179,0.1338
09/05/2021 20:00:00,0.4781,0.5262,0.0000,0.1327,0.1002,0.0690,0.0000,0.0000,0.0000,0.0725,0.0224,0.0000,0.3710,0.0377,0.0537,0.0000,0.0178,0.1166
09/05/2021 21:00:00,0.1137,0.2842,0.0000,0.0001,0.1007,0.0552,0.0000,0.0000,0.0000,0.0199,0.0000,0.0000,0.0000,0.0514,0.0650,0.0000,0.0166,0.0720
09/05/2021 22:00:00,0.9551,1.0805,0.0064,0.0001,0.1018,0.0833,0.0000,0.0000,0.0000,0.0549,0.0498,0.0090,1.5408,0.0118,0.0780,0.0060,0.0176,0.0711
09/05/2021 23:00:00,0.3534,0.4092,0.0000,0.0001,0.1012,0.0716,0.0000,0.0000,0.0000,0.0743,0.0000,0.0000,0.4455,0.0002,0.0338,0.0065,0.0150,0.0016
09/06/2021 00:00:00,0.1401,0.1612,0.0000,0.0001,0.1011,0.0415,0.0000,0.0000,0.0000,0.0730,0.0209,0.0000,0.0000,0.0000,0.0322,0.0000,0.0142,0.0000
09/06/2021 01:00:00,0.0743,0.1565,0.0000,0.0001,0.1008,0.0399,0.0000,0.0000,0.0000,0.0154,0.0000,0.0000,0.0000,0.0000,0.0322,0.0089,0.0137,0.0000
09/06/2021 02:00:00,0.1177,0.1488,0.0000,0.0001,0.1004,0.0395,0.0000,0.0000,0.0000,0.0614,0.0000,0.0000,0.0000,0.0000,0.0318,0.0001,0.0136,0.0000
09/06/2021 03:00:00,0.1294,0.1478,0.0000,0.0001,0.1004,0.0397,0.0000,0.0000,0.0000,0.0739,0.0000,0.0000,0.0000,0.0000,0.0318,0.0000,0.0136,0.0000
09/06/2021 04:00:00,0.1283,0.1483,0.0000,0.0001,0.1009,0.0397,0.0000,0.0000,0.0000,0.0726,0.0000,0.0000,0.0000,0.0000,0.0319,0.0000,0.0136,0.0000
09/06/2021 05:00:00,0.0844,0.1663,0.0000,0.0001,0.1007,0.0395,0.0000,0.0000,0.0000,0.0095,0.0328,0.0000,0.0000,0.0000,0.0318,0.0000,0.0136,0.0000
09/06/2021 06:00:00,0.1330,0.1476,0.0000,0.0001,0.1005,0.0394,0.0000,0.0035,0.0000,0.0672,0.0000,0.0000,0.0000,0.0000,0.0318,0.0000,0.0202,0.0000
09/06/2021 07:00:00,0.3899,0.4035,0.0000,0.0001,0.0916,0.0394,0.0000,0.0000,0.0000,0.0735,0.0225,0.0000,0.4090,0.0147,0.0476,0.0067,0.0459,0.0293
09/06/2021 08:00:00,1.0368,1.1222,0.0029,0.0001,0.0896,0.0389,0.0000,0.0000,0.0000,0.0570,0.0567,0.0032,1.7556,0.0266,0.0429,0.0023,0.0278,0.0511
09/06/2021 09:00:00,0.8404,0.9505,0.0026,0.0318,0.0893,0.0385,0.0000,0.0000,0.0000,0.0169,0.0623,0.0000,1.4036,0.0129,0.0366,0.0000,0.0190,0.0690
09/06/2021 10:00:00,0.7625,0.8668,0.0000,0.0074,0.0893,0.0431,0.0000,0.0000,0.0000,0.0762,0.0516,0.0000,1.1455,0.0128,0.0664,0.0000,0.0135,0.1179
09/06/2021 11:00:00,0.4628,0.4366,0.0000,0.0001,0.0891,0.0473,0.0000,0.0000,0.0000,0.0726,0.0232,0.0000,0.3982,0.0133,0.1378,0.0000,0.0359,0.0710
09/06/2021 12:00:00,0.5104,0.4750,0.0000,0.1071,0.0886,0.0422,0.0000,0.0000,0.0000,0.0453,0.0207,0.0000,0.4709,0.0126,0.0714,0.0000,0.0331,0.0805
09/06/2021 13:00:00,0.3881,0.5674,0.0000,0.0052,0.0886,0.0415,0.0000,0.0000,0.0000,0.0303,0.0206,0.0000,0.6321,0.0116,0.0027,0.0000,0.0137,0.0949
09/06/2021 14:00:00,0.7245,0.8896,0.0000,0.0022,0.0888,0.0620,0.0000,0.0000,0.0000,0.0750,0.0650,0.0000,1.1689,0.0302,0.0124,0.0000,0.0154,0.0855
09/06/2021 15:00:00,1.7524,1.9235,0.1191,0.0041,0.0892,0.0825,0.0000,0.0000,0.0000,0.0731,0.1423,0.0866,2.9523,0.0319,0.0363,0.0000,0.0152,0.0468
09/06/2021 16:00:00,0.2367,0.3394,0.0000,0.0049,0.0883,0.0383,0.0000,0.0000,0.0000,0.0727,0.0000,0.0000,0.1912,0.0140,0.0412,0.0000,0.0156,0.0989
09/06/2021 17:00:00,0.4125,0.3883,0.0000,0.0001,0.0893,0.0525,0.0000,0.0000,0.0000,0.0781,0.0239,0.0017,0.4122,0.0135,0.0827,0.0000,0.0255,0.0088
09/06/2021 18:00:00,0.2101,0.1477,0.0000,0.0001,0.0895,0.0391,0.0000,0.0000,0.0000,0.1322,0.0000,0.0000,0.0000,0.0133,0.0540,0.0000,0.0149,0.0000
09/06/2021 19:00:00,0.7943,0.7869,0.0054,0.0515,0.0906,0.0398,0.0000,0.0000,0.0000,0.0680,0.0815,0.0015,1.1297,0.0152,0.0290,0.0000,0.0368,0.0221
09/06/2021 20:00:00,0.9459,1.0460,0.0000,0.0001,0.1014,0.1272,0.0000,0.0000,0.0000,0.0324,0.0000,0.0082,1.4820,0.0347,0.1439,0.0048,0.0188,0.0350
09/06/2021 21:00:00,0.2217,0.3068,0.0000,0.0001,0.1010,0.1317,0.0000,0.0000,0.0000,0.0757,0.0000,0.0000,0.0000,0.0265,0.1197,0.0060,0.0164,0.0364
09/06/2021 22:00:00,0.3920,0.5575,0.0000,0.0001,0.1006,0.1341,0.0000,0.0000,0.0000,0.0733,0.0210,0.0000,0.5076,0.0000,0.0313,0.0000,0.0159,0.0517
09/06/2021 23:00:00,1.6097,1.6617,0.0083,0.0000,0.1014,0.0573,0.0000,0.0000,0.0000,0.0726,0.0833,0.0011,2.8625,0.0000,0.0550,0.0134,0.0157,0.0045
09/07/2021 00:00:00,0.0733,0.1549,0.0000,0.0001,0.1008,0.0446,0.0000,0.0000,0.0000,0.0143,0.0000,0.0000,0.0000,0.0000,0.0321,0.0000,0.0137,0.0000
09/07/2021 01:00:00,0.1153,0.1500,0.0000,0.0001,0.1007,0.0399,0.0000,0.0000,0.0000,0.0587,0.0000,0.0000,0.0000,0.0000,0.0318,0.0000,0.0137,0.0000
09/07/2021 02:00:00,0.3959,0.4180,0.0000,0.0001,0.1012,0.0395,0.0000,0.0000,0.0000,0.0743,0.0000,0.0000,0.5390,0.0000,0.0317,0.0000,0.0136,0.0000
09/07/2021 03:00:00,0.1287,0.1503,0.0000,0.0001,0.1013,0.0397,0.0000,0.0000,0.0000,0.0730,0.0000,0.0000,0.0000,0.0000,0.0319,0.0000,0.0137,0.0000
09/07/2021 04:00:00,0.1006,0.1492,0.0000,0.0001,0.1013,0.0398,0.0000,0.0000,0.0000,0.0433,0.0000,0.0000,0.0000,0.0000,0.0319,0.0000,0.0137,0.0000
09/07/2021 05:00:00,0.0871,0.1486,0.0000,0.0001,0.1011,0.0395,0.0000,0.0000,0.0000,0.0294,0.0000,0.0000,0.0000,0.0000,0.0317,0.0000,0.0136,0.0000
09/07/2021 06:00:00,0.1948,0.2017,0.0000,0.0004,0.1006,0.0391,0.0000,0.0000,0.0000,0.0756,0.0237,0.0000,0.0752,0.0000,0.0357,0.0000,0.0245,0.0038
09/07/2021 07:00:00,0.3153,0.3835,0.0029,0.0014,0.0903,0.0387,0.0000,0.0000,0.0000,0.0491,0.0213,0.0037,0.3585,0.0179,0.0450,0.0000,0.0180,0.0377
09/07/2021 08:00:00,0.3736,0.4421,0.0000,0.0293,0.0890,0.0450,0.0000,0.0000,0.0000,0.0271,0.0249,0.0044,0.4452,0.0130,0.0551,0.0097,0.0142,0.0442
09/07/2021 09:00:00,0.4800,0.5658,0.0000,0.0214,0.0894,0.0510,0.0000,0.0000,0.0000,0.0755,0.0215,0.0000,0.6167,0.0271,0.0448,0.0000,0.0136,0.0740
09/07/2021 10:00:00,0.1260,0.2502,0.0000,0.0140,0.0892,0.0415,0.0000,0.0000,0.0000,0.0731,0.0000,0.0000,0.0000,0.0435,0.0145,0.0000,0.0147,0.0706
09/07/2021 11:00:00,0.4224,0.4896,0.0000,0.0025,0.0893,0.0390,0.0000,0.0000,0.0000,0.0370,0.0424,0.0000,0.5934,0.0133,0.0403,0.0000,0.0173,0.0236
09/07/2021 12:00:00,0.4367,0.5447,0.0000,0.0307,0.0889,0.0382,0.0000,0.0000,0.0000,0.0398,0.0459,0.0000,0.6195,0.0126,0.0065,0.0000,0.0194,0.0658
09/07/2021 13:00:00,0.6261,0.6726,0.0028,0.0000,0.0893,0.0459,0.0000,0.0000,0.0000,0.0749,0.0220,0.0000,0.9294,0.0196,0.0523,0.0000,0.0193,0.0347
09/07/2021 14:00:00,0.3715,0.4019,0.0000,0.0001,0.0895,0.0467,0.0000,0.0000,0.0000,0.0732,0.0232,0.0000,0.3898,0.0207,0.0654,0.0000,0.0192,0.0324
09/07/2021 15:00:00,1.1352,1.1661,0.0026,0.0001,0.0897,0.0523,0.0000,0.0000,0.0000,0.0724,0.0532,0.0900,1.8146,0.0226,0.0254,0.0000,0.0151,0.0605
09/07/2021 16:00:00,0.2978,0.4738,0.0000,0.0001,0.0893,0.0618,0.0000,0.0000,0.0000,0.0221,0.0000,0.0000,0.5001,0.0170,0.0000,0.0000,0.0134,0.0515
09/07/2021 17:00:00,0.7627,0.8642,0.0000,0.0253,0.0900,0.0643,0.0000,0.0000,0.0000,0.0524,0.0461,0.0000,1.2383,0.0129,0.0202,0.0000,0.0191,0.0495
09/07/2021 18:00:00,0.3670,0.4643,0.0000,0.0177,0.0897,0.0378,0.0000,0.0000,0.0000,0.0743,0.0421,0.0000,0.4462,0.0120,0.0060,0.0000,0.0207,0.0741
09/07/2021 19:00:00,0.1081,0.2278,0.0000,0.0141,0.0913,0.0387,0.0000,0.0000,0.0000,0.0733,0.0000,0.0000,0.0000,0.0122,0.0000,0.0000,0.0136,0.0803
09/07/2021 20:00:00,0.8184,0.9134,0.0000,0.0019,0.1016,0.0387,0.0000,0.0089,0.0000,0.0725,0.0445,0.0000,1.3111,0.0178,0.0110,0.0014,0.0456,0.0711
09/07/2021 21:00:00,0.0954,0.3457,0.0000,0.0001,0.1014,0.1304,0.0000,0.0036,0.0000,0.0239,0.0000,0.0000,0.0000,0.0106,0.0117,0.0002,0.0432,0.0980
09/07/2021 22:00:00,1.0926,1.3012,0.0086,0.0001,0.1020,0.1362,0.0000,0.0000,0.0000,0.0489,0.0803,0.0000,1.8698,0.0000,0.0547,0.0013,0.0141,0.0714
09/07/2021 23:00:00,0.3967,0.4313,0.0000,0.0001,0.1016,0.0665,0.0000,0.0000,0.0000,0.0747,0.0000,0.0005,0.5047,0.0000,0.0467,0.0046,0.0153,0.0000
09/08/2021 00:00:00,0.1293,0.1603,0.0000,0.0001,0.1017,0.0497,0.0000,0.0000,0.0000,0.0732,0.0000,0.0000,0.0000,0.0000,0.0320,0.0002,0.0137,0.0000
09/08/2021 01:00:00,0.1290,0.1516,0.0000,0.0002,0.1012,0.0418,0.0000,0.0000,0.0000,0.0727,0.0000,0.0000,0.0000,0.0000,0.0322,0.0000,0.0137,0.0000
09/08/2021 02:00:00,0.0642,0.1495,0.0000,0.0002,0.1010,0.0400,0.0000,0.0000,0.0000,0.0045,0.0000,0.0000,0.0000,0.0000,0.0322,0.0000,0.0137,0.0000
09/08/2021 03:00:00,0.1368,0.1603,0.0000,0.0002,0.1009,0.0400,0.0000,0.0000,0.0000,0.0696,0.0214,0.0000,0.0000,0.0000,0.0322,0.0000,0.0137,0.0000
09/08/2021 04:00:00,0.1658,0.1838,0.0000,0.0002,0.1007,0.0398,0.0000,0.0000,0.0000,0.0740,0.0000,0.0000,0.0725,0.0000,0.0319,0.0000,0.0137,0.0000
09/08/2021 05:00:00,0.2859,0.3058,0.0000,0.0001,0.1009,0.0396,0.0000,0.0000,0.0000,0.0728,0.0000,0.0000,0.3183,0.0000,0.0318,0.0000,0.0136,0.0000
09/08/2021 06:00:00,0.1525,0.1693,0.0000,0.0002,0.1006,0.0390,0.0000,0.0077,0.0000,0.0342,0.0219,0.0000,0.0000,0.0000,0.0363,0.0082,0.0524,0.0025
09/08/2021 07:00:00,1.3479,1.3921,0.0054,0.0001,0.0915,0.0384,0.0000,0.0281,0.0000,0.0361,0.1024,0.0038,2.3067,0.0084,0.0640,0.0034,0.0158,0.0344
09/08/2021 08:00:00,1.2138,1.0930,0.0055,0.0318,0.0895,0.0494,0.0000,0.0015,0.0000,0.0744,0.0805,0.0839,1.7316,0.0092,0.0941,0.0000,0.0251,0.0279
09/08/2021 09:00:00,1.8842,1.7760,0.0000,0.0138,0.0900,0.0500,0.0000,0.0000,0.0000,0.0723,0.0494,0.1057,3.1006,0.0016,0.1120,0.0000,0.0149,0.0589
09/08/2021 10:00:00,0.1340,0.2071,0.0000,0.0001,0.0892,0.0492,0.0000,0.0000,0.0000,0.0288,0.0207,0.0000,0.0000,0.0069,0.0662,0.0000,0.0150,0.0447
09/08/2021 11:00:00,0.4742,0.4334,0.0000,0.1117,0.0891,0.0464,0.0000,0.0000,0.0000,0.0442,0.0215,0.0000,0.5294,0.0052,0.0134,0.0000,0.0216,0.0091
09/08/2021 12:00:00,0.3585,0.3994,0.0029,0.0205,0.0894,0.0463,0.0000,0.0000,0.0000,0.0746,0.0207,0.0000,0.4436,0.0214,0.0099,0.0000,0.0145,0.0007
09/08/2021 13:00:00,0.1686,0.1710,0.0000,0.0019,0.0896,0.0488,0.0000,0.0000,0.0000,0.0730,0.0000,0.0000,0.0000,0.0159,0.0627,0.0000,0.0221,0.0114
09/08/2021 14:00:00,0.7387,0.8251,0.0055,0.0001,0.0906,0.0509,0.0000,0.0000,0.0000,0.0728,0.0830,0.0034,1.1569,0.0182,0.0256,0.0000,0.0144,0.0326
09/08/2021 15:00:00,1.1085,1.2046,0.0000,0.0000,0.0909,0.0481,0.0000,0.0000,0.0000,0.0513,0.0000,0.0043,1.9274,0.0258,0.0743,0.0000,0.0164,0.0755
09/08/2021 16:00:00,1.0335,1.1653,0.0028,0.0027,0.0909,0.0655,0.0000,0.0000,0.0000,0.0001,0.0547,0.0654,1.7371,0.0414,0.0520,0.0000,0.0165,0.0641
09/08/2021 17:00:00,0.9866,1.0348,0.0000,0.0509,0.0907,0.0585,0.0000,0.0000,0.0000,0.0516,0.0231,0.0000,1.5962,0.0197,0.0559,0.0000,0.0189,0.0532
09/08/2021 18:00:00,0.4150,0.4311,0.0029,0.0517,0.0906,0.0388,0.0000,0.0000,0.0000,0.0761,0.0236,0.0000,0.4567,0.0133,0.0186,0.0000,0.0232,0.0396
09/08/2021 19:00:00,0.0985,0.1530,0.0000,0.0001,0.0954,0.0393,0.0000,0.0000,0.0000,0.0743,0.0000,0.0000,0.0000,0.0128,0.0000,0.0000,0.0137,0.0000
09/08/2021 20:00:00,0.1290,0.1984,0.0000,0.0001,0.1017,0.0387,0.0000,0.0000,0.0000,0.0731,0.0227,0.0000,0.0000,0.0140,0.0056,0.0000,0.0290,0.0262
09/08/2021 21:00:00,0.4454,0.4661,0.0000,0.0461,0.1019,0.0387,0.0000,0.0077,0.0000,0.0711,0.0000,0.0000,0.4237,0.0143,0.0246,0.0000,0.0783,0.0955
09/08/2021 22:00:00,0.1158,0.2832,0.0000,0.0110,0.1020,0.0795,0.0000,0.0000,0.0000,0.0002,0.0229,0.0047,0.0000,0.0071,0.0210,0.0051,0.0547,0.0710
09/08/2021 23:00:00,0.3136,0.3533,0.0000,0.0001,0.1021,0.0483,0.0000,0.0000,0.0000,0.0357,0.0000,0.0029,0.3814,0.0000,0.0406,0.0032,0.0343,0.0029
09/09/2021 00:00:00,0.1433,0.1642,0.0000,0.0001,0.1020,0.0416,0.0000,0.0000,0.0000,0.0768,0.0212,0.0000,0.0000,0.0000,0.0321,0.0001,0.0137,0.0000
09/09/2021 01:00:00,0.1306,0.1508,0.0000,0.0001,0.1020,0.0401,0.0000,0.0000,0.0000,0.0743,0.0000,0.0000,0.0000,0.0000,0.0323,0.0000,0.0137,0.0000
09/09/2021 02:00:00,0.1297,0.1508,0.0000,0.0001,0.1019,0.0402,0.0000,0.0000,0.0000,0.0735,0.0000,0.0000,0.0000,0.0000,0.0322,0.0000,0.0138,0.0000
09/09/2021 03:00:00,0.1286,0.1497,0.0000,0.0001,0.1017,0.0398,0.0000,0.0000,0.0000,0.0727,0.0000,0.0000,0.0000,0.0000,0.0320,0.0000,0.0137,0.0000
09/09/2021 04:00:00,0.1187,0.1485,0.0000,0.0001,0.1015,0.0397,0.0000,0.0000,0.0000,0.0625,0.0000,0.0000,0.0000,0.0000,0.0319,0.0000,0.0137,0.0000
09/09/2021 05:00:00,0.0591,0.1480,0.0000,0.0001,0.1013,0.0395,0.0000,0.0000,0.0000,0.0001,0.0000,0.0000,0.0000,0.0000,0.0317,0.0000,0.0136,0.0000
09/09/2021 06:00:00,0.5547,0.5414,0.0027,0.0001,0.1012,0.0387,0.0000,0.0088,0.0000,0.0366,0.0273,0.0000,0.7564,0.0000,0.0414,0.0000,0.0700,0.0006
09/09/2021 07:00:00,0.7221,0.7422,0.0055,0.0001,0.0939,0.0386,0.0000,0.0044,0.0000,0.0756,0.0500,0.0007,1.0666,0.0135,0.0627,0.0000,0.0179,0.0261
09/09/2021 08:00:00,0.9988,0.9937,0.0000,0.0057,0.0903,0.0449,0.0000,0.0000,0.0000,0.0733,0.0493,0.0019,1.6152,0.0061,0.0745,0.0000,0.0134,0.0149
09/09/2021 09:00:00,0.4715,0.4711,0.0000,0.0640,0.0901,0.0504,0.0000,0.0000,0.0000,0.0725,0.0244,0.0000,0.4659,0.0127,0.0587,0.0000,0.0267,0.0662
09/09/2021 10:00:00,0.1144,0.2285,0.0000,0.0001,0.0928,0.0390,0.0000,0.0000,0.0000,0.0581,0.0242,0.0000,0.0000,0.0353,0.0175,0.0000,0.0153,0.0426
09/09/2021 11:00:00,0.6691,0.8565,0.0000,0.0001,0.0932,0.0384,0.0000,0.0000,0.0000,0.0001,0.0630,0.0000,1.2158,0.0307,0.0024,0.0000,0.0191,0.0490
09/09/2021 12:00:00,0.3626,0.4946,0.0000,0.0294,0.0905,0.0385,0.0000,0.0000,0.0000,0.0451,0.0207,0.0000,0.4996,0.0223,0.0052,0.0000,0.0134,0.0782
09/09/2021 13:00:00,0.4234,0.4089,0.0000,0.0001,0.0900,0.0777,0.0000,0.0000,0.0000,0.0754,0.0208,0.0000,0.4099,0.0127,0.1063,0.0000,0.0199,0.0076
09/09/2021 14:00:00,0.3654,0.3616,0.0027,0.0000,0.0600,0.0769,0.0000,0.0000,0.0000,0.0491,0.0000,0.0000,0.4234,0.0079,0.0912,0.0000,0.0102,0.0000
